ROLE1,ROLE2,OBJ_COUNT,FIELD_COUNT,VALUE_COUNT
ZSG_AL_LO.PRO_YUSEN_812,ZSG_AL_LO.PRO_YUSEN_XXX,0,0,15
ZSG_AL_LO.PRO_YUSEN_813,ZSG_AL_LO.PRO_YUSEN_XXX,1,0,15
ZSG_AL_LO.PRO_YUSEN_815,ZSG_AL_LO.PRO_YUSEN_XXX,0,0,15
ZSG_AL_LO.PRO_YUSEN_833,ZSG_AL_LO.PRO_YUSEN_XXX,0,0,13
ZSG_AL_LO.PRO_YUSEN_835,ZSG_AL_LO.PRO_YUSEN_XXX,0,0,15
ZSG_AL_LO.PRO_YUSEN_872,ZSG_AL_LO.PRO_YUSEN_XXX,0,0,15
ZSG_AL_LO.PRO_YUSEN_873,ZSG_AL_LO.PRO_YUSEN_XXX,0,0,17
ZSG_BS_UT.DSP_104,ZSG_BS_UT.DSP_XXX,0,0,3
ZSG_BS_UT.DSP_615,ZSG_BS_UT.DSP_XXX,0,0,3
ZSG_BS_UT.DSP_812,ZSG_BS_UT.DSP_XXX,0,0,3
ZSG_BS_UT.DSP_813,ZSG_BS_UT.DSP_XXX,0,0,3
ZSG_BS_UT.DSP_815,ZSG_BS_UT.DSP_XXX,0,0,3
ZSG_BS_UT.DSP_833,ZSG_BS_UT.DSP_XXX,0,0,3
ZSG_BS_UT.DSP_835,ZSG_BS_UT.DSP_XXX,0,0,3
ZSG_BS_UT.DSP_836,ZSG_BS_UT.DSP_XXX,0,0,3
ZSG_BS_UT.DSP_837,ZSG_BS_UT.DSP_XXX,0,0,3
ZSG_BS_UT.DSP_838,ZSG_BS_UT.DSP_XXX,0,0,3
ZSG_BS_UT.DSP_851,ZSG_BS_UT.DSP_XXX,0,0,3
ZSG_BS_UT.DSP_861,ZSG_BS_UT.DSP_XXX,0,0,3
ZSG_BS_UT.DSP_872,ZSG_BS_UT.DSP_XXX,0,0,3
ZSG_BS_UT.DSP_911,ZSG_BS_UT.DSP_XXX,0,0,3
ZSG_CO_PA.SDSP_811,ZSG_CO_PA.SDSP_XXX,0,0,0
ZSG_CO_PA.SDSP_812,ZSG_CO_PA.SDSP_XXX,0,0,0
ZSG_CO_PA.SDSP_813,ZSG_CO_PA.SDSP_XXX,0,0,0
ZSG_CO_PA.SDSP_815,ZSG_CO_PA.SDSP_XXX,0,0,0
ZSG_CO_PA.SDSP_816,ZSG_CO_PA.SDSP_XXX,0,0,7
ZSG_CO_PA.SDSP_833,ZSG_CO_PA.SDSP_XXX,0,0,0
ZSG_CO_PA.SDSP_835,ZSG_CO_PA.SDSP_XXX,0,0,0
ZSG_CO_PA.SDSP_836,ZSG_CO_PA.SDSP_XXX,0,0,0
ZSG_CO_PA.SDSP_837,ZSG_CO_PA.SDSP_XXX,0,0,0
ZSG_CO_PA.SDSP_838,ZSG_CO_PA.SDSP_XXX,0,0,0
ZSG_CO_PA.SDSP_851,ZSG_CO_PA.SDSP_XXX,0,0,0
ZSG_CO_PA.SDSP_861,ZSG_CO_PA.SDSP_XXX,0,0,0
ZSG_CO_PA.SDSP_872,ZSG_CO_PA.SDSP_XXX,0,0,0
ZSG_CO_PA.SDSP_911,ZSG_CO_PA.SDSP_XXX,0,0,4
ZSG_CS_EM.ADM_836,ZSG_CS_EM.ADM_XXX,2,0,32
ZSG_CS_EM.ADM_837,ZSG_CS_EM.ADM_XXX,2,0,19
ZSG_CS_EM.ADM_838,ZSG_CS_EM.ADM_XXX,2,0,17
ZSG_CS_EM.DSP_511,ZSG_CS_EM.DSP_XXX,3,0,10
ZSG_CS_EM.DSP_512,ZSG_CS_EM.DSP_XXX,3,0,10
ZSG_CS_EM.DSP_513,ZSG_CS_EM.DSP_XXX,3,0,10
ZSG_CS_EM.DSP_515,ZSG_CS_EM.DSP_XXX,3,0,10
ZSG_CS_EM.DSP_516,ZSG_CS_EM.DSP_XXX,3,0,10
ZSG_CS_EM.DSP_517,ZSG_CS_EM.DSP_XXX,3,0,10
ZSG_CS_EM.DSP_518,ZSG_CS_EM.DSP_XXX,3,0,10
ZSG_CS_EM.DSP_519,ZSG_CS_EM.DSP_XXX,3,0,10
ZSG_CS_EM.DSP_520,ZSG_CS_EM.DSP_XXX,3,0,10
ZSG_CS_EM.DSP_521,ZSG_CS_EM.DSP_XXX,3,0,10
ZSG_CS_EM.DSP_522,ZSG_CS_EM.DSP_XXX,3,0,10
ZSG_CS_EM.DSP_523,ZSG_CS_EM.DSP_XXX,3,0,10
ZSG_CS_EM.DSP_615,ZSG_CS_EM.DSP_XXX,3,0,10
ZSG_CS_EM.DSP_716,ZSG_CS_EM.DSP_XXX,3,0,10
ZSG_CS_EM.DSP_718,ZSG_CS_EM.DSP_XXX,3,0,10
ZSG_CS_EM.DSP_833,ZSG_CS_EM.DSP_XXX,3,0,10
ZSG_CS_EM.DSP_836,ZSG_CS_EM.DSP_XXX,3,0,10
ZSG_CS_EM.DSP_837,ZSG_CS_EM.DSP_XXX,3,0,10
ZSG_CS_EM.DSP_838,ZSG_CS_EM.DSP_XXX,3,0,10
ZSG_CS_LO.PRO-GI_831,ZSG_CS_LO.PRO-GI_XXX,0,0,0
ZSG_CS_LO.PRO-GI_838,ZSG_CS_LO.PRO-GI_XXX,0,0,0
ZSG_CS_LO.PRO-GI_YUSEN,ZSG_CS_LO.PRO-GI_XXX,0,0,0
ZSG_CS_LO.PRO-GR_831,ZSG_CS_LO.PRO-GR_XXX,0,0,0
ZSG_CS_LO.PRO-GR_838,ZSG_CS_LO.PRO-GR_XXX,0,0,0
ZSG_CS_LO.PRO-GR_YUSEN,ZSG_CS_LO.PRO-GR_XXX,0,0,0
ZSG_CS_NO.DSP_511,ZSG_CS_NO.DSP_XXX,3,0,12
ZSG_CS_NO.DSP_512,ZSG_CS_NO.DSP_XXX,3,0,12
ZSG_CS_NO.DSP_513,ZSG_CS_NO.DSP_XXX,3,0,12
ZSG_CS_NO.DSP_515,ZSG_CS_NO.DSP_XXX,3,0,12
ZSG_CS_NO.DSP_516,ZSG_CS_NO.DSP_XXX,3,0,12
ZSG_CS_NO.DSP_517,ZSG_CS_NO.DSP_XXX,3,0,12
ZSG_CS_NO.DSP_518,ZSG_CS_NO.DSP_XXX,3,0,12
ZSG_CS_NO.DSP_519,ZSG_CS_NO.DSP_XXX,3,0,12
ZSG_CS_NO.DSP_520,ZSG_CS_NO.DSP_XXX,3,0,12
ZSG_CS_NO.DSP_521,ZSG_CS_NO.DSP_XXX,3,0,12
ZSG_CS_NO.DSP_522,ZSG_CS_NO.DSP_XXX,3,0,12
ZSG_CS_NO.DSP_523,ZSG_CS_NO.DSP_XXX,3,0,12
ZSG_CS_NO.DSP_615,ZSG_CS_NO.DSP_XXX,3,0,12
ZSG_CS_NO.DSP_716,ZSG_CS_NO.DSP_XXX,3,0,12
ZSG_CS_NO.DSP_718,ZSG_CS_NO.DSP_XXX,3,0,12
ZSG_CS_NO.DSP_836,ZSG_CS_NO.DSP_XXX,3,0,12
ZSG_CS_NO.DSP_836_BAK,ZSG_CS_NO.DSP_XXX,3,0,12
ZSG_CS_NO.DSP_837,ZSG_CS_NO.DSP_XXX,3,0,12
ZSG_CS_NO.DSP_837_BAK,ZSG_CS_NO.DSP_XXX,3,0,12
ZSG_CS_NO.DSP_838,ZSG_CS_NO.DSP_XXX,3,0,12
ZSG_CS_NO.DSP_838_BAK,ZSG_CS_NO.DSP_XXX,3,0,12
ZSG_CS_NO.PRO_836,ZSG_CS_NO.PRO_XXX,0,0,0
ZSG_CS_NO.PRO_837,ZSG_CS_NO.PRO_XXX,0,0,0
ZSG_CS_NO.PRO_838,ZSG_CS_NO.PRO_XXX,0,0,0
ZSG_FI_GL.SDSP_811,ZSG_FI_GL.SDSP_XXX,51,0,29
ZSG_FI_GL.SDSP_812,ZSG_FI_GL.SDSP_XXX,51,0,27
ZSG_FI_GL.SDSP_813,ZSG_FI_GL.SDSP_XXX,51,0,27
ZSG_FI_GL.SDSP_815,ZSG_FI_GL.SDSP_XXX,51,0,27
ZSG_FI_GL.SDSP_816,ZSG_FI_GL.SDSP_XXX,51,0,27
ZSG_FI_GL.SDSP_831,ZSG_FI_GL.SDSP_XXX,51,0,27
ZSG_FI_GL.SDSP_833,ZSG_FI_GL.SDSP_XXX,51,0,23
ZSG_FI_GL.SDSP_835,ZSG_FI_GL.SDSP_XXX,51,0,27
ZSG_FI_GL.SDSP_836,ZSG_FI_GL.SDSP_XXX,51,0,17
ZSG_FI_GL.SDSP_837,ZSG_FI_GL.SDSP_XXX,51,0,17
ZSG_FI_GL.SDSP_838,ZSG_FI_GL.SDSP_XXX,51,0,17
ZSG_FI_GL.SDSP_839,ZSG_FI_GL.SDSP_XXX,51,0,30
ZSG_FI_GL.SDSP_851,ZSG_FI_GL.SDSP_XXX,51,0,24
ZSG_FI_GL.SDSP_861,ZSG_FI_GL.SDSP_XXX,51,0,30
ZSG_FI_GL.SDSP_871,ZSG_FI_GL.SDSP_XXX,51,0,27
ZSG_FI_GL.SDSP_872,ZSG_FI_GL.SDSP_XXX,51,0,27
ZSG_MM_COND.UPL_836,ZSG_MM_COND.UPL_XXX,6,0,8
ZSG_MM_COND.UPL_837,ZSG_MM_COND.UPL_XXX,6,0,8
ZSG_MM_COND.UPL_838,ZSG_MM_COND.UPL_XXX,6,0,8
ZSG_MM_COND.UPL_851,ZSG_MM_COND.UPL_XXX,6,0,6
ZSG_MM_CT.DSP_511,ZSG_MM_CT.DSP_XXX,0,0,0
ZSG_MM_CT.DSP_512,ZSG_MM_CT.DSP_XXX,0,0,0
ZSG_MM_CT.DSP_513,ZSG_MM_CT.DSP_XXX,0,0,0
ZSG_MM_CT.DSP_515,ZSG_MM_CT.DSP_XXX,0,0,0
ZSG_MM_CT.DSP_516,ZSG_MM_CT.DSP_XXX,0,0,0
ZSG_MM_CT.DSP_517,ZSG_MM_CT.DSP_XXX,0,0,0
ZSG_MM_CT.DSP_518,ZSG_MM_CT.DSP_XXX,0,0,0
ZSG_MM_CT.DSP_519,ZSG_MM_CT.DSP_XXX,0,0,0
ZSG_MM_CT.DSP_520,ZSG_MM_CT.DSP_XXX,0,0,0
ZSG_MM_CT.DSP_521,ZSG_MM_CT.DSP_XXX,0,0,0
ZSG_MM_CT.DSP_522,ZSG_MM_CT.DSP_XXX,0,0,0
ZSG_MM_CT.DSP_523,ZSG_MM_CT.DSP_XXX,0,0,0
ZSG_MM_CT.DSP_716,ZSG_MM_CT.DSP_XXX,0,0,0
ZSG_MM_CT.DSP_718,ZSG_MM_CT.DSP_XXX,0,0,0
ZSG_MM_IM.DSP_511,ZSG_MM_IM.DSP_XXX,0,0,0
ZSG_MM_IM.DSP_512,ZSG_MM_IM.DSP_XXX,0,0,0
ZSG_MM_IM.DSP_513,ZSG_MM_IM.DSP_XXX,0,0,0
ZSG_MM_IM.DSP_515,ZSG_MM_IM.DSP_XXX,0,0,0
ZSG_MM_IM.DSP_516,ZSG_MM_IM.DSP_XXX,0,0,0
ZSG_MM_IM.DSP_517,ZSG_MM_IM.DSP_XXX,0,0,0
ZSG_MM_IM.DSP_518,ZSG_MM_IM.DSP_XXX,0,0,0
ZSG_MM_IM.DSP_519,ZSG_MM_IM.DSP_XXX,0,0,0
ZSG_MM_IM.DSP_520,ZSG_MM_IM.DSP_XXX,0,0,0
ZSG_MM_IM.DSP_521,ZSG_MM_IM.DSP_XXX,0,0,0
ZSG_MM_IM.DSP_522,ZSG_MM_IM.DSP_XXX,0,0,0
ZSG_MM_IM.DSP_523,ZSG_MM_IM.DSP_XXX,0,0,0
ZSG_MM_IM.DSP_611,ZSG_MM_IM.DSP_XXX,0,0,0
ZSG_MM_IM.DSP_615,ZSG_MM_IM.DSP_XXX,0,0,0
ZSG_MM_IM.DSP_713,ZSG_MM_IM.DSP_XXX,0,0,0
ZSG_MM_IM.DSP_716,ZSG_MM_IM.DSP_XXX,0,0,0
ZSG_MM_IM.DSP_718,ZSG_MM_IM.DSP_XXX,0,0,0
ZSG_MM_IM.DSP_812,ZSG_MM_IM.DSP_XXX,0,0,0
ZSG_MM_IM.DSP_813,ZSG_MM_IM.DSP_XXX,0,0,0
ZSG_MM_IM.DSP_815,ZSG_MM_IM.DSP_XXX,0,0,0
ZSG_MM_IM.DSP_833,ZSG_MM_IM.DSP_XXX,0,0,0
ZSG_MM_IM.DSP_835,ZSG_MM_IM.DSP_XXX,0,0,0
ZSG_MM_IM.DSP_836,ZSG_MM_IM.DSP_XXX,0,0,0
ZSG_MM_IM.DSP_837,ZSG_MM_IM.DSP_XXX,0,0,0
ZSG_MM_IM.DSP_838,ZSG_MM_IM.DSP_XXX,0,0,0
ZSG_MM_IM.DSP_851,ZSG_MM_IM.DSP_XXX,0,0,0
ZSG_MM_IM.DSP_861,ZSG_MM_IM.DSP_XXX,0,0,0
ZSG_MM_IM.DSP_872,ZSG_MM_IM.DSP_XXX,0,0,0
ZSG_MM_IM.SDSP_511,ZSG_MM_IM.SDSP_XXX,0,0,0
ZSG_MM_IM.SDSP_512,ZSG_MM_IM.SDSP_XXX,0,0,0
ZSG_MM_IM.SDSP_513,ZSG_MM_IM.SDSP_XXX,0,0,0
ZSG_MM_IM.SDSP_515,ZSG_MM_IM.SDSP_XXX,0,0,0
ZSG_MM_IM.SDSP_516,ZSG_MM_IM.SDSP_XXX,0,0,0
ZSG_MM_IM.SDSP_517,ZSG_MM_IM.SDSP_XXX,0,0,0
ZSG_MM_IM.SDSP_518,ZSG_MM_IM.SDSP_XXX,0,0,0
ZSG_MM_IM.SDSP_519,ZSG_MM_IM.SDSP_XXX,0,0,0
ZSG_MM_IM.SDSP_520,ZSG_MM_IM.SDSP_XXX,0,0,0
ZSG_MM_IM.SDSP_521,ZSG_MM_IM.SDSP_XXX,0,0,0
ZSG_MM_IM.SDSP_522,ZSG_MM_IM.SDSP_XXX,0,0,0
ZSG_MM_IM.SDSP_523,ZSG_MM_IM.SDSP_XXX,0,0,0
ZSG_MM_IM.SDSP_716,ZSG_MM_IM.SDSP_XXX,0,0,0
ZSG_MM_IM.SDSP_812,ZSG_MM_IM.SDSP_XXX,0,0,0
ZSG_MM_IM.STKOFF_615,ZSG_MM_IM.STKOFF_XXX,2,0,0
ZSG_MM_LA.PRO_812,ZSG_MM_LA.PRO_XXX,0,0,4
ZSG_MM_LA.PRO_813,ZSG_MM_LA.PRO_XXX,0,0,4
ZSG_MM_LA.PRO_815,ZSG_MM_LA.PRO_XXX,0,0,4
ZSG_MM_LA.PRO_833,ZSG_MM_LA.PRO_XXX,0,0,6
ZSG_MM_LA.PRO_836,ZSG_MM_LA.PRO_XXX,0,0,4
ZSG_MM_LA.PRO_838,ZSG_MM_LA.PRO_XXX,0,0,4
ZSG_MM_LA.PRO_872,ZSG_MM_LA.PRO_XXX,0,0,4
ZSG_MM_LO.CHG-DOC_812,ZSG_MM_LO.CHG-DOC_XXX,0,0,2
ZSG_MM_LO.CHG-DOC_813,ZSG_MM_LO.CHG-DOC_XXX,0,0,2
ZSG_MM_LO.CHG-DOC_815,ZSG_MM_LO.CHG-DOC_XXX,0,0,2
ZSG_MM_LO.CHG-DOC_831,ZSG_MM_LO.CHG-DOC_XXX,0,0,2
ZSG_MM_LO.CHG-DOC_833,ZSG_MM_LO.CHG-DOC_XXX,0,0,2
ZSG_MM_LO.CHG-DOC_835,ZSG_MM_LO.CHG-DOC_XXX,0,0,2
ZSG_MM_LO.CHG-DOC_836,ZSG_MM_LO.CHG-DOC_XXX,0,0,2
ZSG_MM_LO.CHG-DOC_837,ZSG_MM_LO.CHG-DOC_XXX,0,0,2
ZSG_MM_LO.CHG-DOC_838,ZSG_MM_LO.CHG-DOC_XXX,0,0,2
ZSG_MM_LO.CHG-DOC_851,ZSG_MM_LO.CHG-DOC_XXX,0,0,2
ZSG_MM_LO.CHG-DOC_861,ZSG_MM_LO.CHG-DOC_XXX,0,0,2
ZSG_MM_LO.CHG-DOC_872,ZSG_MM_LO.CHG-DOC_XXX,0,0,2
ZSG_MM_LO.NT.PRO-GR_511,ZSG_MM_LO.NT.PRO-GR_XXX,0,0,0
ZSG_MM_LO.NT.PRO-GR_512,ZSG_MM_LO.NT.PRO-GR_XXX,0,0,0
ZSG_MM_LO.NT.PRO-GR_513,ZSG_MM_LO.NT.PRO-GR_XXX,0,0,0
ZSG_MM_LO.NT.PRO-GR_515,ZSG_MM_LO.NT.PRO-GR_XXX,0,0,0
ZSG_MM_LO.NT.PRO-GR_516,ZSG_MM_LO.NT.PRO-GR_XXX,0,0,0
ZSG_MM_LO.NT.PRO-GR_517,ZSG_MM_LO.NT.PRO-GR_XXX,0,0,0
ZSG_MM_LO.NT.PRO-GR_518,ZSG_MM_LO.NT.PRO-GR_XXX,0,0,0
ZSG_MM_LO.NT.PRO-GR_519,ZSG_MM_LO.NT.PRO-GR_XXX,0,0,0
ZSG_MM_LO.NT.PRO-GR_520,ZSG_MM_LO.NT.PRO-GR_XXX,0,0,0
ZSG_MM_LO.NT.PRO-GR_521,ZSG_MM_LO.NT.PRO-GR_XXX,0,0,0
ZSG_MM_LO.NT.PRO-GR_522,ZSG_MM_LO.NT.PRO-GR_XXX,0,0,0
ZSG_MM_LO.NT.PRO-GR_523,ZSG_MM_LO.NT.PRO-GR_XXX,0,0,0
ZSG_MM_LO.NT.PRO-GR_611,ZSG_MM_LO.NT.PRO-GR_XXX,0,0,0
ZSG_MM_LO.NT.PRO-GR_613,ZSG_MM_LO.NT.PRO-GR_XXX,0,0,0
ZSG_MM_LO.NT.PRO-GR_615,ZSG_MM_LO.NT.PRO-GR_XXX,0,0,0
ZSG_MM_LO.NT.PRO-GR_711,ZSG_MM_LO.NT.PRO-GR_XXX,0,0,0
ZSG_MM_LO.NT.PRO-GR_713,ZSG_MM_LO.NT.PRO-GR_XXX,0,0,0
ZSG_MM_LO.NT.PRO-GR_716,ZSG_MM_LO.NT.PRO-GR_XXX,0,0,0
ZSG_MM_LO.NT.PRO-GR_718,ZSG_MM_LO.NT.PRO-GR_XXX,0,0,0
ZSG_MM_LO.NT.PRO-GR_811,ZSG_MM_LO.NT.PRO-GR_XXX,0,0,0
ZSG_MM_LO.NT.PRO-GR_812,ZSG_MM_LO.NT.PRO-GR_XXX,0,0,0
ZSG_MM_LO.NT.PRO-GR_813,ZSG_MM_LO.NT.PRO-GR_XXX,0,0,0
ZSG_MM_LO.NT.PRO-GR_815,ZSG_MM_LO.NT.PRO-GR_XXX,0,0,0
ZSG_MM_LO.NT.PRO-GR_816,ZSG_MM_LO.NT.PRO-GR_XXX,0,0,0
ZSG_MM_LO.NT.PRO-GR_831,ZSG_MM_LO.NT.PRO-GR_XXX,0,0,0
ZSG_MM_LO.NT.PRO-GR_832,ZSG_MM_LO.NT.PRO-GR_XXX,0,0,0
ZSG_MM_LO.NT.PRO-GR_833,ZSG_MM_LO.NT.PRO-GR_XXX,0,0,0
ZSG_MM_LO.NT.PRO-GR_835,ZSG_MM_LO.NT.PRO-GR_XXX,0,0,0
ZSG_MM_LO.NT.PRO-GR_836,ZSG_MM_LO.NT.PRO-GR_XXX,0,0,0
ZSG_MM_LO.NT.PRO-GR_837,ZSG_MM_LO.NT.PRO-GR_XXX,0,0,0
ZSG_MM_LO.NT.PRO-GR_838,ZSG_MM_LO.NT.PRO-GR_XXX,0,0,0
ZSG_MM_LO.NT.PRO-GR_839,ZSG_MM_LO.NT.PRO-GR_XXX,0,0,0
ZSG_MM_LO.NT.PRO-GR_851,ZSG_MM_LO.NT.PRO-GR_XXX,0,0,0
ZSG_MM_LO.NT.PRO-GR_861,ZSG_MM_LO.NT.PRO-GR_XXX,0,0,0
ZSG_MM_LO.NT.PRO-GR_871,ZSG_MM_LO.NT.PRO-GR_XXX,0,0,0
ZSG_MM_LO.NT.PRO-GR_872,ZSG_MM_LO.NT.PRO-GR_XXX,0,0,0
ZSG_MM_LO.NT.PRO-GR_873,ZSG_MM_LO.NT.PRO-GR_XXX,0,0,0
ZSG_MM_LO.NT.PRO-GR_911,ZSG_MM_LO.NT.PRO-GR_XXX,0,0,0
ZSG_MM_LO.PRO-GI.CANCEL_615,ZSG_MM_LO.PRO-GI.CANCEL_XXX,0,0,2
ZSG_MM_LO.PRO-GI.CANCEL_812,ZSG_MM_LO.PRO-GI.CANCEL_XXX,0,0,2
ZSG_MM_LO.PRO-GI.CANCEL_813,ZSG_MM_LO.PRO-GI.CANCEL_XXX,0,0,10
ZSG_MM_LO.PRO-GI.CANCEL_815,ZSG_MM_LO.PRO-GI.CANCEL_XXX,0,0,10
ZSG_MM_LO.PRO-GI.CANCEL_833,ZSG_MM_LO.PRO-GI.CANCEL_XXX,0,0,10
ZSG_MM_LO.PRO-GI.CANCEL_835,ZSG_MM_LO.PRO-GI.CANCEL_XXX,0,0,10
ZSG_MM_LO.PRO-GI.CANCEL_836,ZSG_MM_LO.PRO-GI.CANCEL_XXX,0,0,10
ZSG_MM_LO.PRO-GI.CANCEL_837,ZSG_MM_LO.PRO-GI.CANCEL_XXX,0,0,10
ZSG_MM_LO.PRO-GI.CANCEL_838,ZSG_MM_LO.PRO-GI.CANCEL_XXX,0,0,10
ZSG_MM_LO.PRO-GI.CANCEL_872,ZSG_MM_LO.PRO-GI.CANCEL_XXX,0,0,10
ZSG_MM_LO.PRO-GI_812,ZSG_MM_LO.PRO-GI_XXX,0,0,26
ZSG_MM_LO.PRO-GI_813,ZSG_MM_LO.PRO-GI_XXX,0,0,31
ZSG_MM_LO.PRO-GI_815,ZSG_MM_LO.PRO-GI_XXX,0,0,31
ZSG_MM_LO.PRO-GI_833,ZSG_MM_LO.PRO-GI_XXX,0,0,38
ZSG_MM_LO.PRO-GI_835,ZSG_MM_LO.PRO-GI_XXX,0,0,38
ZSG_MM_LO.PRO-GI_836,ZSG_MM_LO.PRO-GI_XXX,0,0,49
ZSG_MM_LO.PRO-GI_837,ZSG_MM_LO.PRO-GI_XXX,0,0,42
ZSG_MM_LO.PRO-GI_838,ZSG_MM_LO.PRO-GI_XXX,0,0,42
ZSG_MM_LO.PRO-GI_861,ZSG_MM_LO.PRO-GI_XXX,0,0,23
ZSG_MM_LO.PRO-GI_872,ZSG_MM_LO.PRO-GI_XXX,0,0,28
ZSG_MM_LO.PRO-GR_812,ZSG_MM_LO.PRO-GR_XXX,0,0,10
ZSG_MM_LO.PRO-GR_813,ZSG_MM_LO.PRO-GR_XXX,0,0,19
ZSG_MM_LO.PRO-GR_815,ZSG_MM_LO.PRO-GR_XXX,0,0,16
ZSG_MM_LO.PRO-GR_833,ZSG_MM_LO.PRO-GR_XXX,0,0,37
ZSG_MM_LO.PRO-GR_835,ZSG_MM_LO.PRO-GR_XXX,0,0,31
ZSG_MM_LO.PRO-GR_836,ZSG_MM_LO.PRO-GR_XXX,0,0,22
ZSG_MM_LO.PRO-GR_837,ZSG_MM_LO.PRO-GR_XXX,0,0,22
ZSG_MM_LO.PRO-GR_838,ZSG_MM_LO.PRO-GR_XXX,0,0,22
ZSG_MM_LO.PRO-GR_851,ZSG_MM_LO.PRO-GR_XXX,1,0,11
ZSG_MM_LO.PRO-GR_861,ZSG_MM_LO.PRO-GR_XXX,0,0,16
ZSG_MM_LO.PRO-GR_872,ZSG_MM_LO.PRO-GR_XXX,0,0,13
ZSG_MM_LO.PRO-TRSMTM_812,ZSG_MM_LO.PRO-TRSMTM_XXX,0,0,8
ZSG_MM_LO.PRO-TRSMTM_813,ZSG_MM_LO.PRO-TRSMTM_XXX,0,0,8
ZSG_MM_LO.PRO-TRSMTM_815,ZSG_MM_LO.PRO-TRSMTM_XXX,0,0,8
ZSG_MM_LO.PRO-TRSMTM_833,ZSG_MM_LO.PRO-TRSMTM_XXX,0,0,8
ZSG_MM_LO.PRO-TRSMTM_835,ZSG_MM_LO.PRO-TRSMTM_XXX,0,0,8
ZSG_MM_LO.PRO-TRSMTM_836,ZSG_MM_LO.PRO-TRSMTM_XXX,0,0,8
ZSG_MM_LO.PRO-TRSMTM_837,ZSG_MM_LO.PRO-TRSMTM_XXX,0,0,8
ZSG_MM_LO.PRO-TRSMTM_838,ZSG_MM_LO.PRO-TRSMTM_XXX,0,0,8
ZSG_MM_LO.PRO-TRSMTM_872,ZSG_MM_LO.PRO-TRSMTM_XXX,0,0,8
ZSG_MM_LO.PRO-TRSMTM_REV_833,ZSG_MM_LO.PRO-TRSMTM_REV_XXX,0,0,4
ZSG_MM_LO.PRO-TRSMTM_REV_835,ZSG_MM_LO.PRO-TRSMTM_REV_XXX,0,0,4
ZSG_MM_LO.PRO-TRSMTM_REV_836,ZSG_MM_LO.PRO-TRSMTM_REV_XXX,0,0,4
ZSG_MM_LO.PRO-TRSMTM_REV_837,ZSG_MM_LO.PRO-TRSMTM_REV_XXX,0,0,4
ZSG_MM_LO.PRO-TRSMTM_REV_838,ZSG_MM_LO.PRO-TRSMTM_REV_XXX,0,0,4
ZSG_MM_LO.PRO-TRSMTM_REV_872,ZSG_MM_LO.PRO-TRSMTM_REV_XXX,0,0,4
ZSG_MM_LO.PRO-TRSSP_812,ZSG_MM_LO.PRO-TRSSP_XXX,1,0,4
ZSG_MM_LO.PRO-TRSSP_813,ZSG_MM_LO.PRO-TRSSP_XXX,1,0,12
ZSG_MM_LO.PRO-TRSSP_815,ZSG_MM_LO.PRO-TRSSP_XXX,1,0,12
ZSG_MM_LO.PRO-TRSSP_833,ZSG_MM_LO.PRO-TRSSP_XXX,1,0,20
ZSG_MM_LO.PRO-TRSSP_835,ZSG_MM_LO.PRO-TRSSP_XXX,1,0,20
ZSG_MM_LO.PRO-TRSSP_836,ZSG_MM_LO.PRO-TRSSP_XXX,1,0,20
ZSG_MM_LO.PRO-TRSSP_837,ZSG_MM_LO.PRO-TRSSP_XXX,1,0,18
ZSG_MM_LO.PRO-TRSSP_838,ZSG_MM_LO.PRO-TRSSP_XXX,1,0,20
ZSG_MM_LO.PRO-TRSSP_872,ZSG_MM_LO.PRO-TRSSP_XXX,1,0,9
ZSG_MM_LO.PRO-TRS_812,ZSG_MM_LO.PRO-TRS_XXX,0,0,4
ZSG_MM_LO.PRO-TRS_812_FA,ZSG_MM_LO.PRO-TRS_XXX,0,0,7
ZSG_MM_LO.PRO-TRS_812_PV,ZSG_MM_LO.PRO-TRS_XXX,0,0,7
ZSG_MM_LO.PRO-TRS_813,ZSG_MM_LO.PRO-TRS_XXX,0,0,4
ZSG_MM_LO.PRO-TRS_813_FA,ZSG_MM_LO.PRO-TRS_XXX,0,0,7
ZSG_MM_LO.PRO-TRS_813_PV,ZSG_MM_LO.PRO-TRS_XXX,0,0,7
ZSG_MM_LO.PRO-TRS_815,ZSG_MM_LO.PRO-TRS_XXX,0,0,4
ZSG_MM_LO.PRO-TRS_815_FA,ZSG_MM_LO.PRO-TRS_XXX,0,0,7
ZSG_MM_LO.PRO-TRS_815_LE,ZSG_MM_LO.PRO-TRS_XXX,0,0,13
ZSG_MM_LO.PRO-TRS_815_PV,ZSG_MM_LO.PRO-TRS_XXX,0,0,7
ZSG_MM_LO.PRO-TRS_833,ZSG_MM_LO.PRO-TRS_XXX,0,0,4
ZSG_MM_LO.PRO-TRS_833_LE,ZSG_MM_LO.PRO-TRS_XXX,0,0,13
ZSG_MM_LO.PRO-TRS_833_PV,ZSG_MM_LO.PRO-TRS_XXX,0,0,7
ZSG_MM_LO.PRO-TRS_835,ZSG_MM_LO.PRO-TRS_XXX,0,0,4
ZSG_MM_LO.PRO-TRS_835_LE,ZSG_MM_LO.PRO-TRS_XXX,0,0,13
ZSG_MM_LO.PRO-TRS_835_PV,ZSG_MM_LO.PRO-TRS_XXX,0,0,7
ZSG_MM_LO.PRO-TRS_836,ZSG_MM_LO.PRO-TRS_XXX,0,0,4
ZSG_MM_LO.PRO-TRS_837,ZSG_MM_LO.PRO-TRS_XXX,0,0,4
ZSG_MM_LO.PRO-TRS_838,ZSG_MM_LO.PRO-TRS_XXX,0,0,4
ZSG_MM_LO.PRO-TRS_861,ZSG_MM_LO.PRO-TRS_XXX,0,0,4
ZSG_MM_LO.PRO-TRS_872,ZSG_MM_LO.PRO-TRS_XXX,0,0,4
ZSG_MM_LO.PRO-TRS_872_FA,ZSG_MM_LO.PRO-TRS_XXX,0,0,7
ZSG_MM_LO.PRO-TRS_872_LE,ZSG_MM_LO.PRO-TRS_XXX,0,0,13
ZSG_MM_LO.PRO-TRS_ADMIN,ZSG_MM_LO.PRO-TRS_XXX,0,0,18
ZSG_MM_LO.PRO-TRV_836,ZSG_MM_LO.PRO-TRV_XXX,0,0,0
ZSG_MM_LO.PRO-TRV_837,ZSG_MM_LO.PRO-TRV_XXX,0,0,0
ZSG_MM_MAT.DSP,ZSG_MM_MAT.DSP_XXX,0,0,3
ZSG_MM_MM.DSP_GSCM,ZSG_MM_MM.DSP_GSCM_XXX,0,0,0
ZSG_MM_MM.DSP_GSCM_718,ZSG_MM_MM.DSP_GSCM_XXX,0,0,0
ZSG_MM_MM.DSP_GSCM_831,ZSG_MM_MM.DSP_GSCM_XXX,0,0,0
ZSG_MM_MM.DSP_GSCM_832,ZSG_MM_MM.DSP_GSCM_XXX,0,0,0
ZSG_MM_MM.DSP_GSCM_833,ZSG_MM_MM.DSP_GSCM_XXX,0,0,0
ZSG_MM_MM.DSP_GSCM_835,ZSG_MM_MM.DSP_GSCM_XXX,0,0,0
ZSG_MM_MM.DSP_GSCM_836,ZSG_MM_MM.DSP_GSCM_XXX,0,0,0
ZSG_MM_MM.DSP_GSCM_837,ZSG_MM_MM.DSP_GSCM_XXX,0,0,0
ZSG_MM_MM.DSP_GSCM_838,ZSG_MM_MM.DSP_GSCM_XXX,0,0,0
ZSG_MM_MM.ECP_812,ZSG_MM_MM.ECP_XXX,0,0,0
ZSG_MM_MM.ECP_813,ZSG_MM_MM.ECP_XXX,0,0,0
ZSG_MM_MM.ECP_815,ZSG_MM_MM.ECP_XXX,0,0,0
ZSG_MM_MM.ECP_833,ZSG_MM_MM.ECP_XXX,0,0,0
ZSG_MM_MM.ECP_835,ZSG_MM_MM.ECP_XXX,0,0,0
ZSG_MM_MM.ECP_836,ZSG_MM_MM.ECP_XXX,0,0,0
ZSG_MM_MM.ECP_837,ZSG_MM_MM.ECP_XXX,0,0,0
ZSG_MM_MM.ECP_838,ZSG_MM_MM.ECP_XXX,0,0,0
ZSG_MM_MM.ECP_851,ZSG_MM_MM.ECP_XXX,0,0,0
ZSG_MM_MM.ECP_861,ZSG_MM_MM.ECP_XXX,0,0,0
ZSG_MM_MM.ECP_872,ZSG_MM_MM.ECP_XXX,0,0,0
ZSG_MM_MM.ECP_ADMIN,ZSG_MM_MM.ECP_XXX,0,0,0
ZSG_MM_MM.GPSI_812,ZSG_MM_MM.GPSI_XXX,0,0,9
ZSG_MM_MM.GPSI_813,ZSG_MM_MM.GPSI_XXX,0,0,9
ZSG_MM_MM.GPSI_815,ZSG_MM_MM.GPSI_XXX,0,0,9
ZSG_MM_MM.GPSI_831,ZSG_MM_MM.GPSI_XXX,0,0,9
ZSG_MM_MM.GPSI_872,ZSG_MM_MM.GPSI_XXX,0,0,11
ZSG_MM_MM.PRO_812,ZSG_MM_MM.PRO_XXX,0,0,5
ZSG_MM_MM.PRO_813,ZSG_MM_MM.PRO_XXX,0,0,2
ZSG_MM_MM.PRO_815,ZSG_MM_MM.PRO_XXX,0,0,3
ZSG_MM_MM.PRO_833,ZSG_MM_MM.PRO_XXX,0,0,0
ZSG_MM_MM.PRO_835,ZSG_MM_MM.PRO_XXX,0,0,2
ZSG_MM_MM.PRO_836,ZSG_MM_MM.PRO_XXX,0,0,2
ZSG_MM_MM.PRO_837,ZSG_MM_MM.PRO_XXX,0,0,2
ZSG_MM_MM.PRO_838,ZSG_MM_MM.PRO_XXX,0,0,2
ZSG_MM_MM.PRO_851,ZSG_MM_MM.PRO_XXX,0,0,0
ZSG_MM_MM.PRO_861,ZSG_MM_MM.PRO_XXX,0,0,3
ZSG_MM_MM.PRO_872,ZSG_MM_MM.PRO_XXX,0,0,2
ZSG_MM_MM.PRO_911,ZSG_MM_MM.PRO_XXX,0,0,2
ZSG_MM_MM.PRO_ADMIN,ZSG_MM_MM.PRO_XXX,2,0,0
ZSG_MM_MM.PRO_GSCM_833,ZSG_MM_MM.PRO_GSCM_XXX,0,0,0
ZSG_MM_MM.PRO_GSCM_835,ZSG_MM_MM.PRO_GSCM_XXX,0,0,0
ZSG_MM_MM.PRO_GSCM_836,ZSG_MM_MM.PRO_GSCM_XXX,0,0,0
ZSG_MM_MM.PRO_GSCM_837,ZSG_MM_MM.PRO_GSCM_XXX,0,0,0
ZSG_MM_MM.PRO_GSCM_MAP,ZSG_MM_MM.PRO_GSCM_MAP_XXX,0,0,0
ZSG_MM_MM.PRO_GSCM_MAP_831,ZSG_MM_MM.PRO_GSCM_MAP_XXX,0,0,8
ZSG_MM_MM.STBIN_711,ZSG_MM_MM.STBIN_XXX,0,0,0
ZSG_MM_MM.STBIN_831,ZSG_MM_MM.STBIN_XXX,0,0,0
ZSG_MM_MM.STBIN_838,ZSG_MM_MM.STBIN_XXX,0,0,19
ZSG_MM_NEA.DSP_511,ZSG_MM_NEA.DSP_XXX,0,0,0
ZSG_MM_NEA.DSP_512,ZSG_MM_NEA.DSP_XXX,0,0,0
ZSG_MM_NEA.DSP_513,ZSG_MM_NEA.DSP_XXX,0,0,0
ZSG_MM_NEA.DSP_515,ZSG_MM_NEA.DSP_XXX,0,0,0
ZSG_MM_NEA.DSP_516,ZSG_MM_NEA.DSP_XXX,0,0,0
ZSG_MM_NEA.DSP_517,ZSG_MM_NEA.DSP_XXX,0,0,0
ZSG_MM_NEA.DSP_518,ZSG_MM_NEA.DSP_XXX,0,0,0
ZSG_MM_NEA.DSP_519,ZSG_MM_NEA.DSP_XXX,0,0,0
ZSG_MM_NEA.DSP_520,ZSG_MM_NEA.DSP_XXX,0,0,0
ZSG_MM_NEA.DSP_521,ZSG_MM_NEA.DSP_XXX,0,0,0
ZSG_MM_NEA.DSP_522,ZSG_MM_NEA.DSP_XXX,0,0,0
ZSG_MM_NEA.DSP_523,ZSG_MM_NEA.DSP_XXX,0,0,0
ZSG_MM_NEA.DSP_716,ZSG_MM_NEA.DSP_XXX,0,0,0
ZSG_MM_PI.ENTER_812,ZSG_MM_PI.ENTER_XXX,0,0,0
ZSG_MM_PI.ENTER_815,ZSG_MM_PI.ENTER_XXX,0,0,0
ZSG_MM_PI.ENTER_833,ZSG_MM_PI.ENTER_XXX,0,0,0
ZSG_MM_PI.ENTER_835,ZSG_MM_PI.ENTER_XXX,0,0,0
ZSG_MM_PI.ENTER_836,ZSG_MM_PI.ENTER_XXX,0,0,0
ZSG_MM_PI.ENTER_837,ZSG_MM_PI.ENTER_XXX,0,0,0
ZSG_MM_PI.ENTER_861,ZSG_MM_PI.ENTER_XXX,0,0,0
ZSG_MM_PI.ENTER_872,ZSG_MM_PI.ENTER_XXX,0,0,0
ZSG_MM_PO.APPLV1_812,ZSG_MM_PO.APPLV1_XXX,0,0,3
ZSG_MM_PO.APPLV1_813,ZSG_MM_PO.APPLV1_XXX,0,0,5
ZSG_MM_PO.APPLV1_815,ZSG_MM_PO.APPLV1_XXX,0,0,5
ZSG_MM_PO.APPLV1_833,ZSG_MM_PO.APPLV1_XXX,0,0,5
ZSG_MM_PO.APPLV1_835,ZSG_MM_PO.APPLV1_XXX,0,0,5
ZSG_MM_PO.APPLV1_836,ZSG_MM_PO.APPLV1_XXX,0,0,5
ZSG_MM_PO.APPLV1_837,ZSG_MM_PO.APPLV1_XXX,0,0,5
ZSG_MM_PO.APPLV1_838,ZSG_MM_PO.APPLV1_XXX,0,0,5
ZSG_MM_PO.APPLV1_861,ZSG_MM_PO.APPLV1_XXX,0,0,5
ZSG_MM_PO.APPLV1_872,ZSG_MM_PO.APPLV1_XXX,0,0,5
ZSG_MM_PO.APPLV2_812,ZSG_MM_PO.APPLV2_XXX,0,0,2
ZSG_MM_PO.APPLV2_813,ZSG_MM_PO.APPLV2_XXX,0,0,4
ZSG_MM_PO.APPLV2_815,ZSG_MM_PO.APPLV2_XXX,0,0,4
ZSG_MM_PO.APPLV2_833,ZSG_MM_PO.APPLV2_XXX,0,0,6
ZSG_MM_PO.APPLV2_836,ZSG_MM_PO.APPLV2_XXX,0,0,4
ZSG_MM_PO.APPLV2_837,ZSG_MM_PO.APPLV2_XXX,0,0,4
ZSG_MM_PO.APPLV2_838,ZSG_MM_PO.APPLV2_XXX,0,0,4
ZSG_MM_PO.APPLV2_861,ZSG_MM_PO.APPLV2_XXX,0,0,4
ZSG_MM_PO.APPLV2_872,ZSG_MM_PO.APPLV2_XXX,0,0,4
ZSG_MM_PO.COND_DSP_GSCM,ZSG_MM_PO.COND_DSP_GSCM_XXX,0,0,0
ZSG_MM_PO.COND_DSP_GSCM_718,ZSG_MM_PO.COND_DSP_GSCM_XXX,0,0,0
ZSG_MM_PO.COND_DSP_GSCM_831,ZSG_MM_PO.COND_DSP_GSCM_XXX,0,0,0
ZSG_MM_PO.COND_DSP_GSCM_832,ZSG_MM_PO.COND_DSP_GSCM_XXX,0,0,0
ZSG_MM_PO.COND_DSP_GSCM_833,ZSG_MM_PO.COND_DSP_GSCM_XXX,0,0,0
ZSG_MM_PO.COND_DSP_GSCM_835,ZSG_MM_PO.COND_DSP_GSCM_XXX,0,0,0
ZSG_MM_PO.COND_DSP_GSCM_836,ZSG_MM_PO.COND_DSP_GSCM_XXX,0,0,0
ZSG_MM_PO.COND_DSP_GSCM_837,ZSG_MM_PO.COND_DSP_GSCM_XXX,0,0,0
ZSG_MM_PO.COND_DSP_GSCM_838,ZSG_MM_PO.COND_DSP_GSCM_XXX,0,0,0
ZSG_MM_PO.COND_GSCM,ZSG_MM_PO.COND_GSCM_XXX,0,0,0
ZSG_MM_PO.COND_GSCM_831,ZSG_MM_PO.COND_GSCM_XXX,0,0,0
ZSG_MM_PO.CON_838,ZSG_MM_PO.CON_XXX,0,0,0
ZSG_MM_PO.CON_851,ZSG_MM_PO.CON_XXX,0,0,0
ZSG_MM_PO.CON_DSP_511,ZSG_MM_PO.CON_DSP_XXX,0,0,0
ZSG_MM_PO.CON_DSP_512,ZSG_MM_PO.CON_DSP_XXX,0,0,0
ZSG_MM_PO.CON_DSP_513,ZSG_MM_PO.CON_DSP_XXX,0,0,0
ZSG_MM_PO.CON_DSP_515,ZSG_MM_PO.CON_DSP_XXX,0,0,0
ZSG_MM_PO.CON_DSP_516,ZSG_MM_PO.CON_DSP_XXX,0,0,0
ZSG_MM_PO.CON_DSP_517,ZSG_MM_PO.CON_DSP_XXX,0,0,0
ZSG_MM_PO.CON_DSP_518,ZSG_MM_PO.CON_DSP_XXX,0,0,0
ZSG_MM_PO.CON_DSP_519,ZSG_MM_PO.CON_DSP_XXX,0,0,0
ZSG_MM_PO.CON_DSP_520,ZSG_MM_PO.CON_DSP_XXX,0,0,0
ZSG_MM_PO.CON_DSP_521,ZSG_MM_PO.CON_DSP_XXX,0,0,0
ZSG_MM_PO.CON_DSP_522,ZSG_MM_PO.CON_DSP_XXX,0,0,0
ZSG_MM_PO.CON_DSP_523,ZSG_MM_PO.CON_DSP_XXX,0,0,0
ZSG_MM_PO.CON_DSP_716,ZSG_MM_PO.CON_DSP_XXX,0,0,0
ZSG_MM_PO.CON_DSP_851,ZSG_MM_PO.CON_DSP_XXX,0,0,0
ZSG_MM_PO.DSP_511,ZSG_MM_PO.DSP_XXX,0,0,0
ZSG_MM_PO.DSP_512,ZSG_MM_PO.DSP_XXX,0,0,0
ZSG_MM_PO.DSP_513,ZSG_MM_PO.DSP_XXX,0,0,0
ZSG_MM_PO.DSP_515,ZSG_MM_PO.DSP_XXX,0,0,0
ZSG_MM_PO.DSP_516,ZSG_MM_PO.DSP_XXX,0,0,0
ZSG_MM_PO.DSP_517,ZSG_MM_PO.DSP_XXX,0,0,0
ZSG_MM_PO.DSP_518,ZSG_MM_PO.DSP_XXX,0,0,0
ZSG_MM_PO.DSP_519,ZSG_MM_PO.DSP_XXX,0,0,0
ZSG_MM_PO.DSP_520,ZSG_MM_PO.DSP_XXX,0,0,0
ZSG_MM_PO.DSP_521,ZSG_MM_PO.DSP_XXX,0,0,0
ZSG_MM_PO.DSP_522,ZSG_MM_PO.DSP_XXX,0,0,0
ZSG_MM_PO.DSP_523,ZSG_MM_PO.DSP_XXX,0,0,0
ZSG_MM_PO.DSP_611,ZSG_MM_PO.DSP_XXX,0,0,0
ZSG_MM_PO.DSP_615,ZSG_MM_PO.DSP_XXX,0,0,0
ZSG_MM_PO.DSP_713,ZSG_MM_PO.DSP_XXX,0,0,0
ZSG_MM_PO.DSP_716,ZSG_MM_PO.DSP_XXX,0,0,0
ZSG_MM_PO.DSP_718,ZSG_MM_PO.DSP_XXX,0,0,0
ZSG_MM_PO.DSP_812,ZSG_MM_PO.DSP_XXX,0,0,0
ZSG_MM_PO.DSP_813,ZSG_MM_PO.DSP_XXX,0,0,0
ZSG_MM_PO.DSP_815,ZSG_MM_PO.DSP_XXX,0,0,0
ZSG_MM_PO.DSP_832,ZSG_MM_PO.DSP_XXX,0,0,0
ZSG_MM_PO.DSP_833,ZSG_MM_PO.DSP_XXX,0,0,0
ZSG_MM_PO.DSP_835,ZSG_MM_PO.DSP_XXX,0,0,0
ZSG_MM_PO.DSP_836,ZSG_MM_PO.DSP_XXX,0,0,0
ZSG_MM_PO.DSP_837,ZSG_MM_PO.DSP_XXX,0,0,0
ZSG_MM_PO.DSP_838,ZSG_MM_PO.DSP_XXX,0,0,0
ZSG_MM_PO.DSP_851,ZSG_MM_PO.DSP_XXX,0,0,0
ZSG_MM_PO.DSP_861,ZSG_MM_PO.DSP_XXX,0,0,0
ZSG_MM_PO.DSP_872,ZSG_MM_PO.DSP_XXX,0,0,0
ZSG_MM_PO.DSP_GSCM,ZSG_MM_PO.DSP_GSCM_XXX,0,0,0
ZSG_MM_PO.DSP_GSCM_718,ZSG_MM_PO.DSP_GSCM_XXX,0,0,0
ZSG_MM_PO.DSP_GSCM_831,ZSG_MM_PO.DSP_GSCM_XXX,0,0,0
ZSG_MM_PO.DSP_GSCM_832,ZSG_MM_PO.DSP_GSCM_XXX,0,0,0
ZSG_MM_PO.DSP_GSCM_833,ZSG_MM_PO.DSP_GSCM_XXX,0,0,0
ZSG_MM_PO.DSP_GSCM_835,ZSG_MM_PO.DSP_GSCM_XXX,0,0,0
ZSG_MM_PO.DSP_GSCM_836,ZSG_MM_PO.DSP_GSCM_XXX,0,0,0
ZSG_MM_PO.DSP_GSCM_837,ZSG_MM_PO.DSP_GSCM_XXX,0,0,0
ZSG_MM_PO.DSP_GSCM_838,ZSG_MM_PO.DSP_GSCM_XXX,0,0,0
ZSG_MM_PO.GRITAB_872,ZSG_MM_PO.GRITAB_XXX,0,0,0
ZSG_MM_PO.GRI_812,ZSG_MM_PO.GRI_XXX,0,0,0
ZSG_MM_PO.GRI_813,ZSG_MM_PO.GRI_XXX,0,0,0
ZSG_MM_PO.GRI_815,ZSG_MM_PO.GRI_XXX,0,0,0
ZSG_MM_PO.GRI_872,ZSG_MM_PO.GRI_XXX,0,0,0
ZSG_MM_PO.NT.PRO_511,ZSG_MM_PO.NT.PRO_XXX,0,0,0
ZSG_MM_PO.NT.PRO_512,ZSG_MM_PO.NT.PRO_XXX,0,0,0
ZSG_MM_PO.NT.PRO_513,ZSG_MM_PO.NT.PRO_XXX,0,0,0
ZSG_MM_PO.NT.PRO_515,ZSG_MM_PO.NT.PRO_XXX,0,0,0
ZSG_MM_PO.NT.PRO_516,ZSG_MM_PO.NT.PRO_XXX,0,0,0
ZSG_MM_PO.NT.PRO_517,ZSG_MM_PO.NT.PRO_XXX,0,0,0
ZSG_MM_PO.NT.PRO_518,ZSG_MM_PO.NT.PRO_XXX,0,0,0
ZSG_MM_PO.NT.PRO_519,ZSG_MM_PO.NT.PRO_XXX,0,0,0
ZSG_MM_PO.NT.PRO_520,ZSG_MM_PO.NT.PRO_XXX,0,0,0
ZSG_MM_PO.NT.PRO_521,ZSG_MM_PO.NT.PRO_XXX,0,0,0
ZSG_MM_PO.NT.PRO_522,ZSG_MM_PO.NT.PRO_XXX,0,0,0
ZSG_MM_PO.NT.PRO_523,ZSG_MM_PO.NT.PRO_XXX,0,0,0
ZSG_MM_PO.NT.PRO_611,ZSG_MM_PO.NT.PRO_XXX,0,0,0
ZSG_MM_PO.NT.PRO_613,ZSG_MM_PO.NT.PRO_XXX,0,0,0
ZSG_MM_PO.NT.PRO_615,ZSG_MM_PO.NT.PRO_XXX,0,0,0
ZSG_MM_PO.NT.PRO_711,ZSG_MM_PO.NT.PRO_XXX,0,0,0
ZSG_MM_PO.NT.PRO_713,ZSG_MM_PO.NT.PRO_XXX,0,0,0
ZSG_MM_PO.NT.PRO_716,ZSG_MM_PO.NT.PRO_XXX,0,0,0
ZSG_MM_PO.NT.PRO_718,ZSG_MM_PO.NT.PRO_XXX,0,0,0
ZSG_MM_PO.NT.PRO_811,ZSG_MM_PO.NT.PRO_XXX,0,0,0
ZSG_MM_PO.NT.PRO_812,ZSG_MM_PO.NT.PRO_XXX,0,0,0
ZSG_MM_PO.NT.PRO_813,ZSG_MM_PO.NT.PRO_XXX,0,0,0
ZSG_MM_PO.NT.PRO_815,ZSG_MM_PO.NT.PRO_XXX,0,0,0
ZSG_MM_PO.NT.PRO_816,ZSG_MM_PO.NT.PRO_XXX,0,0,0
ZSG_MM_PO.NT.PRO_831,ZSG_MM_PO.NT.PRO_XXX,0,0,0
ZSG_MM_PO.NT.PRO_832,ZSG_MM_PO.NT.PRO_XXX,0,0,0
ZSG_MM_PO.NT.PRO_833,ZSG_MM_PO.NT.PRO_XXX,0,0,0
ZSG_MM_PO.NT.PRO_835,ZSG_MM_PO.NT.PRO_XXX,0,0,0
ZSG_MM_PO.NT.PRO_836,ZSG_MM_PO.NT.PRO_XXX,0,0,0
ZSG_MM_PO.NT.PRO_837,ZSG_MM_PO.NT.PRO_XXX,0,0,0
ZSG_MM_PO.NT.PRO_838,ZSG_MM_PO.NT.PRO_XXX,0,0,0
ZSG_MM_PO.NT.PRO_839,ZSG_MM_PO.NT.PRO_XXX,0,0,0
ZSG_MM_PO.NT.PRO_851,ZSG_MM_PO.NT.PRO_XXX,0,0,0
ZSG_MM_PO.NT.PRO_861,ZSG_MM_PO.NT.PRO_XXX,0,0,0
ZSG_MM_PO.NT.PRO_871,ZSG_MM_PO.NT.PRO_XXX,0,0,0
ZSG_MM_PO.NT.PRO_872,ZSG_MM_PO.NT.PRO_XXX,0,0,0
ZSG_MM_PO.NT.PRO_873,ZSG_MM_PO.NT.PRO_XXX,0,0,0
ZSG_MM_PO.NT.PRO_911,ZSG_MM_PO.NT.PRO_XXX,0,0,0
ZSG_MM_PO.PRO_812,ZSG_MM_PO.PRO_XXX,1,0,11
ZSG_MM_PO.PRO_813,ZSG_MM_PO.PRO_XXX,1,0,6
ZSG_MM_PO.PRO_815,ZSG_MM_PO.PRO_XXX,1,0,6
ZSG_MM_PO.PRO_833,ZSG_MM_PO.PRO_XXX,0,0,6
ZSG_MM_PO.PRO_835,ZSG_MM_PO.PRO_XXX,1,0,6
ZSG_MM_PO.PRO_836,ZSG_MM_PO.PRO_XXX,1,0,6
ZSG_MM_PO.PRO_837,ZSG_MM_PO.PRO_XXX,1,0,6
ZSG_MM_PO.PRO_838,ZSG_MM_PO.PRO_XXX,1,0,6
ZSG_MM_PO.PRO_851,ZSG_MM_PO.PRO_XXX,1,0,12
ZSG_MM_PO.PRO_861,ZSG_MM_PO.PRO_XXX,1,0,7
ZSG_MM_PO.PRO_872,ZSG_MM_PO.PRO_XXX,0,0,6
ZSG_MM_PO.PRO_GSCM,ZSG_MM_PO.PRO_GSCM_XXX,0,0,0
ZSG_MM_PO.PRO_GSCM_831,ZSG_MM_PO.PRO_GSCM_XXX,0,0,14
ZSG_MM_PO.PRT_611,ZSG_MM_PO.PRT_XXX,1,0,4
ZSG_MM_PO.PRT_615,ZSG_MM_PO.PRT_XXX,1,0,4
ZSG_MM_PO.PRT_713,ZSG_MM_PO.PRT_XXX,1,0,4
ZSG_MM_PO.PRT_812,ZSG_MM_PO.PRT_XXX,1,0,4
ZSG_MM_PO.PRT_813,ZSG_MM_PO.PRT_XXX,1,0,4
ZSG_MM_PO.PRT_815,ZSG_MM_PO.PRT_XXX,1,0,4
ZSG_MM_PO.PRT_833,ZSG_MM_PO.PRT_XXX,1,0,4
ZSG_MM_PO.PRT_835,ZSG_MM_PO.PRT_XXX,1,0,4
ZSG_MM_PO.PRT_836,ZSG_MM_PO.PRT_XXX,1,0,4
ZSG_MM_PO.PRT_837,ZSG_MM_PO.PRT_XXX,0,0,6
ZSG_MM_PO.PRT_838,ZSG_MM_PO.PRT_XXX,0,0,6
ZSG_MM_PO.PRT_851,ZSG_MM_PO.PRT_XXX,1,0,4
ZSG_MM_PO.PRT_861,ZSG_MM_PO.PRT_XXX,1,0,4
ZSG_MM_PO.PRT_872,ZSG_MM_PO.PRT_XXX,1,0,4
ZSG_MM_PO.SDSP_851,ZSG_MM_PO.SDSP_XXX,0,0,5
ZSG_MM_PO.SP_DSP_GSCM_718,ZSG_MM_PO.SP_DSP_GSCM_XXX,0,0,4
ZSG_MM_PO.SP_DSP_GSCM_833,ZSG_MM_PO.SP_DSP_GSCM_XXX,0,0,15
ZSG_MM_PO.SP_DSP_GSCM_835,ZSG_MM_PO.SP_DSP_GSCM_XXX,0,0,4
ZSG_MM_PO.SP_DSP_GSCM_836,ZSG_MM_PO.SP_DSP_GSCM_XXX,0,0,4
ZSG_MM_PO.SP_DSP_GSCM_837,ZSG_MM_PO.SP_DSP_GSCM_XXX,0,0,4
ZSG_MM_PO.SP_GSCM_833,ZSG_MM_PO.SP_GSCM_XXX,0,0,3
ZSG_MM_PO.SP_GSCM_835,ZSG_MM_PO.SP_GSCM_XXX,0,0,2
ZSG_MM_PO.SP_GSCM_836,ZSG_MM_PO.SP_GSCM_XXX,0,0,2
ZSG_MM_PO.SP_GSCM_837,ZSG_MM_PO.SP_GSCM_XXX,0,0,2
ZSG_MM_PO.VENADM_851,ZSG_MM_PO.VENADM_XXX,0,0,0
ZSG_MM_PR.DSP_511,ZSG_MM_PR.DSP_XXX,0,0,0
ZSG_MM_PR.DSP_512,ZSG_MM_PR.DSP_XXX,0,0,0
ZSG_MM_PR.DSP_513,ZSG_MM_PR.DSP_XXX,0,0,0
ZSG_MM_PR.DSP_515,ZSG_MM_PR.DSP_XXX,0,0,0
ZSG_MM_PR.DSP_516,ZSG_MM_PR.DSP_XXX,0,0,0
ZSG_MM_PR.DSP_517,ZSG_MM_PR.DSP_XXX,0,0,0
ZSG_MM_PR.DSP_518,ZSG_MM_PR.DSP_XXX,0,0,0
ZSG_MM_PR.DSP_519,ZSG_MM_PR.DSP_XXX,0,0,0
ZSG_MM_PR.DSP_520,ZSG_MM_PR.DSP_XXX,0,0,0
ZSG_MM_PR.DSP_521,ZSG_MM_PR.DSP_XXX,0,0,0
ZSG_MM_PR.DSP_522,ZSG_MM_PR.DSP_XXX,0,0,0
ZSG_MM_PR.DSP_523,ZSG_MM_PR.DSP_XXX,0,0,0
ZSG_MM_PR.DSP_611,ZSG_MM_PR.DSP_XXX,0,0,0
ZSG_MM_PR.DSP_615,ZSG_MM_PR.DSP_XXX,0,0,0
ZSG_MM_PR.DSP_713,ZSG_MM_PR.DSP_XXX,0,0,0
ZSG_MM_PR.DSP_716,ZSG_MM_PR.DSP_XXX,0,0,0
ZSG_MM_PR.DSP_718,ZSG_MM_PR.DSP_XXX,0,0,0
ZSG_MM_PR.DSP_812,ZSG_MM_PR.DSP_XXX,0,0,0
ZSG_MM_PR.DSP_813,ZSG_MM_PR.DSP_XXX,0,0,0
ZSG_MM_PR.DSP_815,ZSG_MM_PR.DSP_XXX,0,0,0
ZSG_MM_PR.DSP_833,ZSG_MM_PR.DSP_XXX,0,0,7
ZSG_MM_PR.DSP_835,ZSG_MM_PR.DSP_XXX,0,0,0
ZSG_MM_PR.DSP_836,ZSG_MM_PR.DSP_XXX,0,0,0
ZSG_MM_PR.DSP_837,ZSG_MM_PR.DSP_XXX,0,0,0
ZSG_MM_PR.DSP_838,ZSG_MM_PR.DSP_XXX,0,0,0
ZSG_MM_PR.DSP_851,ZSG_MM_PR.DSP_XXX,0,0,0
ZSG_MM_PR.DSP_861,ZSG_MM_PR.DSP_XXX,0,0,0
ZSG_MM_PR.DSP_872,ZSG_MM_PR.DSP_XXX,0,0,0
ZSG_MM_PR.DSP_TEST,ZSG_MM_PR.DSP_XXX,10,0,38
ZSG_MM_PR.PRO_812,ZSG_MM_PR.PRO_XXX,0,0,0
ZSG_MM_PR.PRO_813,ZSG_MM_PR.PRO_XXX,0,0,0
ZSG_MM_PR.PRO_815,ZSG_MM_PR.PRO_XXX,0,0,0
ZSG_MM_PR.PRO_833,ZSG_MM_PR.PRO_XXX,0,0,0
ZSG_MM_PR.PRO_835,ZSG_MM_PR.PRO_XXX,0,0,0
ZSG_MM_PR.PRO_836,ZSG_MM_PR.PRO_XXX,0,0,0
ZSG_MM_PR.PRO_837,ZSG_MM_PR.PRO_XXX,0,0,0
ZSG_MM_PR.PRO_838,ZSG_MM_PR.PRO_XXX,0,0,0
ZSG_MM_PR.PRO_851,ZSG_MM_PR.PRO_XXX,0,0,0
ZSG_MM_PR.PRO_861,ZSG_MM_PR.PRO_XXX,0,0,0
ZSG_MM_PR.PRO_872,ZSG_MM_PR.PRO_XXX,0,0,0
ZSG_MM_TO.PRO_812,ZSG_MM_TO.PRO_XXX,0,0,3
ZSG_MM_TO.PRO_815,ZSG_MM_TO.PRO_XXX,0,0,3
ZSG_MM_TO.PRO_833,ZSG_MM_TO.PRO_XXX,0,0,5
ZSG_MM_TO.PRO_835,ZSG_MM_TO.PRO_XXX,0,0,3
ZSG_MM_TO.PRO_836,ZSG_MM_TO.PRO_XXX,0,0,3
ZSG_MM_TO.PRO_837,ZSG_MM_TO.PRO_XXX,0,0,3
ZSG_MM_TO.PRO_838,ZSG_MM_TO.PRO_XXX,0,0,3
ZSG_MM_TO.PRO_872,ZSG_MM_TO.PRO_XXX,0,0,3
ZSG_PS_PRJ.DSP_831,ZSG_PS_PRJ.DSP_XXX,0,0,0
ZSG_PS_PRJ.DSP_833,ZSG_PS_PRJ.DSP_XXX,0,0,0
ZSG_PS_PRJ.DSP_835,ZSG_PS_PRJ.DSP_XXX,0,0,0
ZSG_PS_PRJ.DSP_836,ZSG_PS_PRJ.DSP_XXX,0,0,0
ZSG_PS_PRJ.DSP_837,ZSG_PS_PRJ.DSP_XXX,0,0,0
ZSG_PS_PRJ.DSP_838,ZSG_PS_PRJ.DSP_XXX,0,0,0
ZSG_PS_PRJ.DSP_839,ZSG_PS_PRJ.DSP_XXX,0,0,0
ZSG_PS_PRJ.DSP_871,ZSG_PS_PRJ.DSP_XXX,0,0,0
ZSG_PS_PRJ.DSP_872,ZSG_PS_PRJ.DSP_XXX,0,0,0
ZSG_PS_PRJ.DSP_873,ZSG_PS_PRJ.DSP_XXX,0,0,0
ZSG_PS_PRJ.MEC.PROC_831,ZSG_PS_PRJ.MEC.PROC_XXX,0,0,0
ZSG_PS_PRJ.MEC.PROC_832,ZSG_PS_PRJ.MEC.PROC_XXX,0,0,0
ZSG_PS_PRJ.MEC.PROC_833,ZSG_PS_PRJ.MEC.PROC_XXX,0,0,0
ZSG_PS_PRJ.MEC.PROC_835,ZSG_PS_PRJ.MEC.PROC_XXX,0,0,0
ZSG_PS_PRJ.MEC.PROC_836,ZSG_PS_PRJ.MEC.PROC_XXX,0,0,0
ZSG_PS_PRJ.MEC.PROC_837,ZSG_PS_PRJ.MEC.PROC_XXX,0,0,0
ZSG_PS_PRJ.MEC.PROC_838,ZSG_PS_PRJ.MEC.PROC_XXX,0,0,0
ZSG_PS_PRJ.MEC.PROC_839,ZSG_PS_PRJ.MEC.PROC_XXX,0,0,0
ZSG_PS_PRJ.MEC.PROC_871,ZSG_PS_PRJ.MEC.PROC_XXX,0,0,0
ZSG_PS_PRJ.MEC.PROC_872,ZSG_PS_PRJ.MEC.PROC_XXX,0,0,0
ZSG_PS_PRJ.MEC.PROC_873,ZSG_PS_PRJ.MEC.PROC_XXX,0,0,0
ZSG_PS_PRJ.PCT.PROC_831,ZSG_PS_PRJ.PCT.PROC_XXX,0,0,0
ZSG_PS_PRJ.PCT.PROC_832,ZSG_PS_PRJ.PCT.PROC_XXX,0,0,0
ZSG_PS_PRJ.PCT.PROC_833,ZSG_PS_PRJ.PCT.PROC_XXX,0,0,0
ZSG_PS_PRJ.PCT.PROC_835,ZSG_PS_PRJ.PCT.PROC_XXX,0,0,0
ZSG_PS_PRJ.PCT.PROC_836,ZSG_PS_PRJ.PCT.PROC_XXX,0,0,0
ZSG_PS_PRJ.PCT.PROC_837,ZSG_PS_PRJ.PCT.PROC_XXX,0,0,0
ZSG_PS_PRJ.PCT.PROC_838,ZSG_PS_PRJ.PCT.PROC_XXX,0,0,0
ZSG_PS_PRJ.PCT.PROC_839,ZSG_PS_PRJ.PCT.PROC_XXX,0,0,0
ZSG_PS_PRJ.PCT.PROC_871,ZSG_PS_PRJ.PCT.PROC_XXX,0,0,0
ZSG_PS_PRJ.PCT.PROC_872,ZSG_PS_PRJ.PCT.PROC_XXX,0,0,0
ZSG_PS_PRJ.PCT.PROC_873,ZSG_PS_PRJ.PCT.PROC_XXX,0,0,0
ZSG_PS_PRJ.PMT.PROC_831,ZSG_PS_PRJ.PMT.PROC_XXX,0,0,0
ZSG_PS_PRJ.PMT.PROC_832,ZSG_PS_PRJ.PMT.PROC_XXX,0,0,0
ZSG_PS_PRJ.PMT.PROC_833,ZSG_PS_PRJ.PMT.PROC_XXX,0,0,0
ZSG_PS_PRJ.PMT.PROC_835,ZSG_PS_PRJ.PMT.PROC_XXX,0,0,0
ZSG_PS_PRJ.PMT.PROC_836,ZSG_PS_PRJ.PMT.PROC_XXX,0,0,0
ZSG_PS_PRJ.PMT.PROC_837,ZSG_PS_PRJ.PMT.PROC_XXX,0,0,0
ZSG_PS_PRJ.PMT.PROC_838,ZSG_PS_PRJ.PMT.PROC_XXX,0,0,0
ZSG_PS_PRJ.PMT.PROC_839,ZSG_PS_PRJ.PMT.PROC_XXX,0,0,0
ZSG_PS_PRJ.PMT.PROC_871,ZSG_PS_PRJ.PMT.PROC_XXX,0,0,0
ZSG_PS_PRJ.PMT.PROC_872,ZSG_PS_PRJ.PMT.PROC_XXX,0,0,0
ZSG_PS_PRJ.PMT.PROC_873,ZSG_PS_PRJ.PMT.PROC_XXX,0,0,0
ZSG_PS_PRJ.STD.PROC_831,ZSG_PS_PRJ.STD.PROC_XXX,0,0,0
ZSG_PS_PRJ.STD.PROC_832,ZSG_PS_PRJ.STD.PROC_XXX,0,0,0
ZSG_PS_PRJ.STD.PROC_833,ZSG_PS_PRJ.STD.PROC_XXX,0,0,0
ZSG_PS_PRJ.STD.PROC_835,ZSG_PS_PRJ.STD.PROC_XXX,0,0,0
ZSG_PS_PRJ.STD.PROC_836,ZSG_PS_PRJ.STD.PROC_XXX,0,0,0
ZSG_PS_PRJ.STD.PROC_837,ZSG_PS_PRJ.STD.PROC_XXX,0,0,0
ZSG_PS_PRJ.STD.PROC_838,ZSG_PS_PRJ.STD.PROC_XXX,0,0,0
ZSG_PS_PRJ.STD.PROC_839,ZSG_PS_PRJ.STD.PROC_XXX,0,0,0
ZSG_PS_PRJ.STD.PROC_871,ZSG_PS_PRJ.STD.PROC_XXX,0,0,0
ZSG_PS_PRJ.STD.PROC_872,ZSG_PS_PRJ.STD.PROC_XXX,0,0,0
ZSG_PS_PRJ.STD.PROC_873,ZSG_PS_PRJ.STD.PROC_XXX,0,0,0
ZSG_SD_BL.CANCEL_872,ZSG_SD_BL.CANCEL_XXX,0,0,0
ZSG_SD_BL.DSP_511,ZSG_SD_BL.DSP_XXX,0,0,2
ZSG_SD_BL.DSP_512,ZSG_SD_BL.DSP_XXX,0,0,2
ZSG_SD_BL.DSP_513,ZSG_SD_BL.DSP_XXX,0,0,2
ZSG_SD_BL.DSP_515,ZSG_SD_BL.DSP_XXX,0,0,2
ZSG_SD_BL.DSP_516,ZSG_SD_BL.DSP_XXX,0,0,2
ZSG_SD_BL.DSP_517,ZSG_SD_BL.DSP_XXX,0,0,2
ZSG_SD_BL.DSP_518,ZSG_SD_BL.DSP_XXX,0,0,2
ZSG_SD_BL.DSP_519,ZSG_SD_BL.DSP_XXX,0,0,2
ZSG_SD_BL.DSP_520,ZSG_SD_BL.DSP_XXX,0,0,2
ZSG_SD_BL.DSP_521,ZSG_SD_BL.DSP_XXX,0,0,2
ZSG_SD_BL.DSP_522,ZSG_SD_BL.DSP_XXX,0,0,2
ZSG_SD_BL.DSP_523,ZSG_SD_BL.DSP_XXX,0,0,2
ZSG_SD_BL.DSP_611,ZSG_SD_BL.DSP_XXX,0,0,2
ZSG_SD_BL.DSP_615,ZSG_SD_BL.DSP_XXX,0,0,2
ZSG_SD_BL.DSP_713,ZSG_SD_BL.DSP_XXX,0,0,2
ZSG_SD_BL.DSP_716,ZSG_SD_BL.DSP_XXX,0,0,2
ZSG_SD_BL.DSP_718,ZSG_SD_BL.DSP_XXX,0,0,2
ZSG_SD_BL.DSP_812,ZSG_SD_BL.DSP_XXX,0,0,2
ZSG_SD_BL.DSP_812_REF_TRNG,ZSG_SD_BL.DSP_XXX,0,0,185
ZSG_SD_BL.DSP_813,ZSG_SD_BL.DSP_XXX,0,0,2
ZSG_SD_BL.DSP_815,ZSG_SD_BL.DSP_XXX,0,0,2
ZSG_SD_BL.DSP_833,ZSG_SD_BL.DSP_XXX,0,0,3
ZSG_SD_BL.DSP_835,ZSG_SD_BL.DSP_XXX,0,0,2
ZSG_SD_BL.DSP_836,ZSG_SD_BL.DSP_XXX,0,0,2
ZSG_SD_BL.DSP_837,ZSG_SD_BL.DSP_XXX,0,0,2
ZSG_SD_BL.DSP_838,ZSG_SD_BL.DSP_XXX,0,0,2
ZSG_SD_BL.DSP_851,ZSG_SD_BL.DSP_XXX,0,0,2
ZSG_SD_BL.DSP_861,ZSG_SD_BL.DSP_XXX,0,0,2
ZSG_SD_BL.DSP_872,ZSG_SD_BL.DSP_XXX,0,0,0
ZSG_SD_BL.DSP_911,ZSG_SD_BL.DSP_XXX,0,0,0
ZSG_SD_BL.PRO_511,ZSG_SD_BL.PRO_XXX,4,0,9
ZSG_SD_BL.PRO_512,ZSG_SD_BL.PRO_XXX,4,0,9
ZSG_SD_BL.PRO_513,ZSG_SD_BL.PRO_XXX,4,0,9
ZSG_SD_BL.PRO_515,ZSG_SD_BL.PRO_XXX,4,0,9
ZSG_SD_BL.PRO_516,ZSG_SD_BL.PRO_XXX,4,0,9
ZSG_SD_BL.PRO_517,ZSG_SD_BL.PRO_XXX,4,0,9
ZSG_SD_BL.PRO_518,ZSG_SD_BL.PRO_XXX,4,0,9
ZSG_SD_BL.PRO_519,ZSG_SD_BL.PRO_XXX,4,0,9
ZSG_SD_BL.PRO_520,ZSG_SD_BL.PRO_XXX,4,0,9
ZSG_SD_BL.PRO_521,ZSG_SD_BL.PRO_XXX,4,0,9
ZSG_SD_BL.PRO_522,ZSG_SD_BL.PRO_XXX,4,0,9
ZSG_SD_BL.PRO_523,ZSG_SD_BL.PRO_XXX,4,0,9
ZSG_SD_BL.PRO_716,ZSG_SD_BL.PRO_XXX,4,0,9
ZSG_SD_BL.PRO_812,ZSG_SD_BL.DSP_XXX,0,0,180
ZSG_SD_BL.PRO_813,ZSG_SD_BL.PRO_XXX,4,0,9
ZSG_SD_BL.PRO_815,ZSG_SD_BL.PRO_XXX,4,0,9
ZSG_SD_BL.PRO_833,ZSG_SD_BL.PRO_XXX,4,0,7
ZSG_SD_BL.PRO_835,ZSG_SD_BL.PRO_XXX,4,0,9
ZSG_SD_BL.PRO_836,ZSG_SD_BL.PRO_XXX,4,0,9
ZSG_SD_BL.PRO_837,ZSG_SD_BL.PRO_XXX,4,0,9
ZSG_SD_BL.PRO_838,ZSG_SD_BL.PRO_XXX,3,0,6
ZSG_SD_BL.PRO_851,ZSG_SD_BL.PRO_XXX,4,0,9
ZSG_SD_BL.PRO_861,ZSG_SD_BL.PRO_XXX,4,0,9
ZSG_SD_BL.PRO_872,ZSG_SD_BL.PRO_XXX,4,0,9
ZSG_SD_BL.PRO_911,ZSG_SD_BL.PRO_XXX,4,0,9
ZSG_SD_BL.PRO_INTER_811,ZSG_SD_BL.PRO_INTER_XXX,0,0,0
ZSG_SD_BL.PRO_INTER_831,ZSG_SD_BL.PRO_INTER_XXX,0,0,0
ZSG_SD_BL.PRO_INTER_871,ZSG_SD_BL.PRO_INTER_XXX,0,0,1
ZSG_SD_BL.REQCNC_104,ZSG_SD_BL.REQCNC_XXX,0,0,11
ZSG_SD_BL.REQCNC_615,ZSG_SD_BL.REQCNC_XXX,0,0,11
ZSG_SD_BL.REQCNC_812,ZSG_SD_BL.REQCNC_XXX,0,0,14
ZSG_SD_BL.REQCNC_813,ZSG_SD_BL.REQCNC_XXX,0,0,17
ZSG_SD_BL.REQCNC_815,ZSG_SD_BL.REQCNC_XXX,0,0,15
ZSG_SD_BL.REQCNC_833,ZSG_SD_BL.REQCNC_XXX,0,0,15
ZSG_SD_BL.REQCNC_835,ZSG_SD_BL.REQCNC_XXX,0,0,15
ZSG_SD_BL.REQCNC_836,ZSG_SD_BL.REQCNC_XXX,0,0,15
ZSG_SD_BL.REQCNC_837,ZSG_SD_BL.REQCNC_XXX,0,0,15
ZSG_SD_BL.REQCNC_838,ZSG_SD_BL.REQCNC_XXX,0,0,15
ZSG_SD_BL.REQCNC_851,ZSG_SD_BL.REQCNC_XXX,0,0,12
ZSG_SD_BL.REQCNC_861,ZSG_SD_BL.REQCNC_XXX,0,0,12
ZSG_SD_BL.REQCNC_872,ZSG_SD_BL.REQCNC_XXX,0,0,15
ZSG_SD_BL.REQCNC_911,ZSG_SD_BL.REQCNC_XXX,0,0,14
ZSG_SD_CMIR.ADM_812,ZSG_SD_CMIR.ADM_XXX,0,0,0
ZSG_SD_CMIR.ADM_813,ZSG_SD_CMIR.ADM_XXX,0,0,0
ZSG_SD_CMIR.ADM_815,ZSG_SD_CMIR.ADM_XXX,0,0,0
ZSG_SD_CMIR.ADM_833,ZSG_SD_CMIR.ADM_XXX,0,0,5
ZSG_SD_CMIR.ADM_835,ZSG_SD_CMIR.ADM_XXX,0,0,0
ZSG_SD_CMIR.ADM_836,ZSG_SD_CMIR.ADM_XXX,0,0,0
ZSG_SD_CMIR.ADM_837,ZSG_SD_CMIR.ADM_XXX,0,0,0
ZSG_SD_CMIR.ADM_838,ZSG_SD_CMIR.ADM_XXX,0,0,0
ZSG_SD_CMIR.ADM_851,ZSG_SD_CMIR.ADM_XXX,0,0,0
ZSG_SD_CMIR.ADM_861,ZSG_SD_CMIR.ADM_XXX,0,0,0
ZSG_SD_CMIR.ADM_872,ZSG_SD_CMIR.ADM_XXX,0,0,0
ZSG_SD_CMIR.DSP_511,ZSG_SD_CMIR.DSP_XXX,0,0,0
ZSG_SD_CMIR.DSP_513,ZSG_SD_CMIR.DSP_XXX,0,0,0
ZSG_SD_CMIR.DSP_515,ZSG_SD_CMIR.DSP_XXX,0,0,0
ZSG_SD_CMIR.DSP_516,ZSG_SD_CMIR.DSP_XXX,0,0,0
ZSG_SD_CMIR.DSP_517,ZSG_SD_CMIR.DSP_XXX,0,0,0
ZSG_SD_CMIR.DSP_518,ZSG_SD_CMIR.DSP_XXX,0,0,0
ZSG_SD_CMIR.DSP_519,ZSG_SD_CMIR.DSP_XXX,0,0,0
ZSG_SD_CMIR.DSP_615,ZSG_SD_CMIR.DSP_XXX,0,0,0
ZSG_SD_CMIR.DSP_716,ZSG_SD_CMIR.DSP_XXX,0,0,0
ZSG_SD_CMIR.DSP_718,ZSG_SD_CMIR.DSP_XXX,0,0,0
ZSG_SD_CMIR.DSP_812,ZSG_SD_CMIR.DSP_XXX,0,0,0
ZSG_SD_CMIR.DSP_813,ZSG_SD_CMIR.DSP_XXX,0,0,0
ZSG_SD_CMIR.DSP_815,ZSG_SD_CMIR.DSP_XXX,0,0,0
ZSG_SD_CMIR.DSP_833,ZSG_SD_CMIR.DSP_XXX,0,0,5
ZSG_SD_CMIR.DSP_835,ZSG_SD_CMIR.DSP_XXX,0,0,0
ZSG_SD_CMIR.DSP_836,ZSG_SD_CMIR.DSP_XXX,0,0,0
ZSG_SD_CMIR.DSP_837,ZSG_SD_CMIR.DSP_XXX,0,0,0
ZSG_SD_CMIR.DSP_838,ZSG_SD_CMIR.DSP_XXX,0,0,0
ZSG_SD_CMIR.DSP_851,ZSG_SD_CMIR.DSP_XXX,0,0,0
ZSG_SD_CMIR.DSP_861,ZSG_SD_CMIR.DSP_XXX,0,0,0
ZSG_SD_CMIR.DSP_872,ZSG_SD_CMIR.DSP_XXX,0,0,3
ZSG_SD_COND.ADMPR00_511,ZSG_SD_COND.ADMPR00_XXX,0,0,0
ZSG_SD_COND.ADMPR00_512,ZSG_SD_COND.ADMPR00_XXX,0,0,0
ZSG_SD_COND.ADMPR00_513,ZSG_SD_COND.ADMPR00_XXX,0,0,0
ZSG_SD_COND.ADMPR00_515,ZSG_SD_COND.ADMPR00_XXX,0,0,0
ZSG_SD_COND.ADMPR00_516,ZSG_SD_COND.ADMPR00_XXX,0,0,0
ZSG_SD_COND.ADMPR00_517,ZSG_SD_COND.ADMPR00_XXX,0,0,0
ZSG_SD_COND.ADMPR00_518,ZSG_SD_COND.ADMPR00_XXX,0,0,0
ZSG_SD_COND.ADMPR00_519,ZSG_SD_COND.ADMPR00_XXX,0,0,0
ZSG_SD_COND.ADMPR00_520,ZSG_SD_COND.ADMPR00_XXX,0,0,0
ZSG_SD_COND.ADMPR00_521,ZSG_SD_COND.ADMPR00_XXX,0,0,0
ZSG_SD_COND.ADMPR00_522,ZSG_SD_COND.ADMPR00_XXX,0,0,0
ZSG_SD_COND.ADMPR00_523,ZSG_SD_COND.ADMPR00_XXX,0,0,0
ZSG_SD_COND.ADMPR00_611,ZSG_SD_COND.ADMPR00_XXX,0,0,0
ZSG_SD_COND.ADMPR00_613,ZSG_SD_COND.ADMPR00_XXX,0,0,0
ZSG_SD_COND.ADMPR00_615,ZSG_SD_COND.ADMPR00_XXX,0,0,0
ZSG_SD_COND.ADMPR00_711,ZSG_SD_COND.ADMPR00_XXX,0,0,0
ZSG_SD_COND.ADMPR00_713,ZSG_SD_COND.ADMPR00_XXX,0,0,0
ZSG_SD_COND.ADMPR00_716,ZSG_SD_COND.ADMPR00_XXX,0,0,0
ZSG_SD_COND.ADMPR00_718,ZSG_SD_COND.ADMPR00_XXX,0,0,0
ZSG_SD_COND.ADMPR00_811,ZSG_SD_COND.ADMPR00_XXX,0,0,0
ZSG_SD_COND.ADMPR00_812,ZSG_SD_COND.ADMPR00_XXX,0,0,0
ZSG_SD_COND.ADMPR00_813,ZSG_SD_COND.ADMPR00_XXX,0,0,0
ZSG_SD_COND.ADMPR00_815,ZSG_SD_COND.ADMPR00_XXX,0,0,0
ZSG_SD_COND.ADMPR00_816,ZSG_SD_COND.ADMPR00_XXX,0,0,0
ZSG_SD_COND.ADMPR00_831,ZSG_SD_COND.ADMPR00_XXX,0,0,0
ZSG_SD_COND.ADMPR00_832,ZSG_SD_COND.ADMPR00_XXX,0,0,0
ZSG_SD_COND.ADMPR00_833,ZSG_SD_COND.ADMPR00_XXX,0,0,0
ZSG_SD_COND.ADMPR00_835,ZSG_SD_COND.ADMPR00_XXX,0,0,0
ZSG_SD_COND.ADMPR00_836,ZSG_SD_COND.ADMPR00_XXX,0,0,0
ZSG_SD_COND.ADMPR00_837,ZSG_SD_COND.ADMPR00_XXX,0,0,0
ZSG_SD_COND.ADMPR00_838,ZSG_SD_COND.ADMPR00_XXX,0,0,0
ZSG_SD_COND.ADMPR00_839,ZSG_SD_COND.ADMPR00_XXX,0,0,0
ZSG_SD_COND.ADMPR00_851,ZSG_SD_COND.ADMPR00_XXX,0,0,0
ZSG_SD_COND.ADMPR00_861,ZSG_SD_COND.ADMPR00_XXX,0,0,0
ZSG_SD_COND.ADMPR00_871,ZSG_SD_COND.ADMPR00_XXX,0,0,0
ZSG_SD_COND.ADMPR00_872,ZSG_SD_COND.ADMPR00_XXX,0,0,0
ZSG_SD_COND.ADMPR00_873,ZSG_SD_COND.ADMPR00_XXX,0,0,0
ZSG_SD_COND.ADMPR00_911,ZSG_SD_COND.ADMPR00_XXX,0,0,0
ZSG_SD_COND.ADMPR00_YUSEN,ZSG_SD_COND.ADMPR00_XXX,0,0,0
ZSG_SD_COND.ADM_812,ZSG_SD_COND.ADM_XXX,0,0,3
ZSG_SD_COND.ADM_813,ZSG_SD_COND.ADM_XXX,0,0,3
ZSG_SD_COND.ADM_815,ZSG_SD_COND.ADM_XXX,0,0,3
ZSG_SD_COND.ADM_833,ZSG_SD_COND.ADM_XXX,1,0,3
ZSG_SD_COND.ADM_833PR00,ZSG_SD_COND.ADM_XXX,0,0,5
ZSG_SD_COND.ADM_835,ZSG_SD_COND.ADM_XXX,0,0,3
ZSG_SD_COND.ADM_835PR00,ZSG_SD_COND.ADM_XXX,0,0,5
ZSG_SD_COND.ADM_836,ZSG_SD_COND.ADM_XXX,0,0,3
ZSG_SD_COND.ADM_836PR00,ZSG_SD_COND.ADM_XXX,0,0,5
ZSG_SD_COND.ADM_837,ZSG_SD_COND.ADM_XXX,0,0,3
ZSG_SD_COND.ADM_837PR00,ZSG_SD_COND.ADM_XXX,0,0,5
ZSG_SD_COND.ADM_838,ZSG_SD_COND.ADM_XXX,0,0,3
ZSG_SD_COND.ADM_838PR00,ZSG_SD_COND.ADM_XXX,0,0,5
ZSG_SD_COND.ADM_851,ZSG_SD_COND.ADM_XXX,0,0,3
ZSG_SD_COND.ADM_861,ZSG_SD_COND.ADM_XXX,0,0,3
ZSG_SD_COND.ADM_872,ZSG_SD_COND.ADM_XXX,0,0,3
ZSG_SD_COND.DSP_511,ZSG_SD_COND.DSP_XXX,0,0,0
ZSG_SD_COND.DSP_512,ZSG_SD_COND.DSP_XXX,0,0,0
ZSG_SD_COND.DSP_513,ZSG_SD_COND.DSP_XXX,0,0,0
ZSG_SD_COND.DSP_515,ZSG_SD_COND.DSP_XXX,0,0,0
ZSG_SD_COND.DSP_516,ZSG_SD_COND.DSP_XXX,0,0,0
ZSG_SD_COND.DSP_517,ZSG_SD_COND.DSP_XXX,0,0,0
ZSG_SD_COND.DSP_518,ZSG_SD_COND.DSP_XXX,0,0,0
ZSG_SD_COND.DSP_519,ZSG_SD_COND.DSP_XXX,0,0,0
ZSG_SD_COND.DSP_520,ZSG_SD_COND.DSP_XXX,0,0,0
ZSG_SD_COND.DSP_521,ZSG_SD_COND.DSP_XXX,0,0,0
ZSG_SD_COND.DSP_522,ZSG_SD_COND.DSP_XXX,0,0,0
ZSG_SD_COND.DSP_523,ZSG_SD_COND.DSP_XXX,0,0,0
ZSG_SD_COND.DSP_615,ZSG_SD_COND.DSP_XXX,0,0,0
ZSG_SD_COND.DSP_716,ZSG_SD_COND.DSP_XXX,0,0,0
ZSG_SD_COND.DSP_718,ZSG_SD_COND.DSP_XXX,0,0,0
ZSG_SD_COND.DSP_812,ZSG_SD_COND.DSP_XXX,0,0,0
ZSG_SD_COND.DSP_813,ZSG_SD_COND.DSP_XXX,0,0,0
ZSG_SD_COND.DSP_815,ZSG_SD_COND.DSP_XXX,0,0,0
ZSG_SD_COND.DSP_833,ZSG_SD_COND.DSP_XXX,0,0,0
ZSG_SD_COND.DSP_835,ZSG_SD_COND.DSP_XXX,0,0,0
ZSG_SD_COND.DSP_836,ZSG_SD_COND.DSP_XXX,0,0,0
ZSG_SD_COND.DSP_837,ZSG_SD_COND.DSP_XXX,0,0,0
ZSG_SD_COND.DSP_838,ZSG_SD_COND.DSP_XXX,0,0,0
ZSG_SD_COND.DSP_851,ZSG_SD_COND.DSP_XXX,0,0,0
ZSG_SD_COND.DSP_861,ZSG_SD_COND.DSP_XXX,0,0,0
ZSG_SD_COND.DSP_872,ZSG_SD_COND.DSP_XXX,0,0,2
ZSG_SD_COND.UPLPR00_511,ZSG_SD_COND.UPLPR00_XXX,0,0,0
ZSG_SD_COND.UPLPR00_512,ZSG_SD_COND.UPLPR00_XXX,0,0,0
ZSG_SD_COND.UPLPR00_513,ZSG_SD_COND.UPLPR00_XXX,0,0,0
ZSG_SD_COND.UPLPR00_515,ZSG_SD_COND.UPLPR00_XXX,0,0,0
ZSG_SD_COND.UPLPR00_516,ZSG_SD_COND.UPLPR00_XXX,0,0,0
ZSG_SD_COND.UPLPR00_517,ZSG_SD_COND.UPLPR00_XXX,0,0,0
ZSG_SD_COND.UPLPR00_518,ZSG_SD_COND.UPLPR00_XXX,0,0,0
ZSG_SD_COND.UPLPR00_519,ZSG_SD_COND.UPLPR00_XXX,0,0,0
ZSG_SD_COND.UPLPR00_520,ZSG_SD_COND.UPLPR00_XXX,0,0,0
ZSG_SD_COND.UPLPR00_521,ZSG_SD_COND.UPLPR00_XXX,0,0,0
ZSG_SD_COND.UPLPR00_522,ZSG_SD_COND.UPLPR00_XXX,0,0,0
ZSG_SD_COND.UPLPR00_523,ZSG_SD_COND.UPLPR00_XXX,0,0,0
ZSG_SD_COND.UPLPR00_611,ZSG_SD_COND.UPLPR00_XXX,0,0,0
ZSG_SD_COND.UPLPR00_613,ZSG_SD_COND.UPLPR00_XXX,0,0,0
ZSG_SD_COND.UPLPR00_615,ZSG_SD_COND.UPLPR00_XXX,0,0,0
ZSG_SD_COND.UPLPR00_711,ZSG_SD_COND.UPLPR00_XXX,0,0,0
ZSG_SD_COND.UPLPR00_713,ZSG_SD_COND.UPLPR00_XXX,0,0,0
ZSG_SD_COND.UPLPR00_716,ZSG_SD_COND.UPLPR00_XXX,0,0,0
ZSG_SD_COND.UPLPR00_718,ZSG_SD_COND.UPLPR00_XXX,0,0,0
ZSG_SD_COND.UPLPR00_811,ZSG_SD_COND.UPLPR00_XXX,0,0,0
ZSG_SD_COND.UPLPR00_812,ZSG_SD_COND.UPLPR00_XXX,0,0,0
ZSG_SD_COND.UPLPR00_813,ZSG_SD_COND.UPLPR00_XXX,0,0,0
ZSG_SD_COND.UPLPR00_815,ZSG_SD_COND.UPLPR00_XXX,0,0,0
ZSG_SD_COND.UPLPR00_816,ZSG_SD_COND.UPLPR00_XXX,0,0,0
ZSG_SD_COND.UPLPR00_831,ZSG_SD_COND.UPLPR00_XXX,0,0,0
ZSG_SD_COND.UPLPR00_832,ZSG_SD_COND.UPLPR00_XXX,0,0,0
ZSG_SD_COND.UPLPR00_833,ZSG_SD_COND.UPLPR00_XXX,0,0,0
ZSG_SD_COND.UPLPR00_834,ZSG_SD_COND.UPLPR00_XXX,0,0,0
ZSG_SD_COND.UPLPR00_835,ZSG_SD_COND.UPLPR00_XXX,0,0,0
ZSG_SD_COND.UPLPR00_836,ZSG_SD_COND.UPLPR00_XXX,0,0,0
ZSG_SD_COND.UPLPR00_837,ZSG_SD_COND.UPLPR00_XXX,0,0,0
ZSG_SD_COND.UPLPR00_838,ZSG_SD_COND.UPLPR00_XXX,0,0,0
ZSG_SD_COND.UPLPR00_839,ZSG_SD_COND.UPLPR00_XXX,0,0,0
ZSG_SD_COND.UPLPR00_861,ZSG_SD_COND.UPLPR00_XXX,0,0,0
ZSG_SD_COND.UPLPR00_871,ZSG_SD_COND.UPLPR00_XXX,0,0,0
ZSG_SD_COND.UPLPR00_872,ZSG_SD_COND.UPLPR00_XXX,0,0,0
ZSG_SD_COND.UPLPR00_873,ZSG_SD_COND.UPLPR00_XXX,0,0,0
ZSG_SD_COND.UPLPR00_911,ZSG_SD_COND.UPLPR00_XXX,0,0,0
ZSG_SD_COND.UPLPR00_YUSEN,ZSG_SD_COND.UPLPR00_XXX,0,0,0
ZSG_SD_COND.UPLZPRB_851,ZSG_SD_COND.UPLZPRB_XXX,0,0,0
ZSG_SD_COND.UPL_837PR00,ZSG_SD_COND.UPL_XXX,0,0,9
ZSG_SD_COND.UPL_838PR00,ZSG_SD_COND.UPL_XXX,0,0,9
ZSG_SD_COND.UPL_851ZPRB,ZSG_SD_COND.UPL_XXX,0,0,9
ZSG_SD_DO.DSP_511,ZSG_SD_DO.DSP_XXX,0,0,0
ZSG_SD_DO.DSP_512,ZSG_SD_DO.DSP_XXX,0,0,0
ZSG_SD_DO.DSP_513,ZSG_SD_DO.DSP_XXX,0,0,0
ZSG_SD_DO.DSP_515,ZSG_SD_DO.DSP_XXX,0,0,0
ZSG_SD_DO.DSP_516,ZSG_SD_DO.DSP_XXX,0,0,0
ZSG_SD_DO.DSP_517,ZSG_SD_DO.DSP_XXX,0,0,0
ZSG_SD_DO.DSP_518,ZSG_SD_DO.DSP_XXX,0,0,0
ZSG_SD_DO.DSP_519,ZSG_SD_DO.DSP_XXX,0,0,0
ZSG_SD_DO.DSP_520,ZSG_SD_DO.DSP_XXX,0,0,0
ZSG_SD_DO.DSP_521,ZSG_SD_DO.DSP_XXX,0,0,0
ZSG_SD_DO.DSP_522,ZSG_SD_DO.DSP_XXX,0,0,0
ZSG_SD_DO.DSP_523,ZSG_SD_DO.DSP_XXX,0,0,0
ZSG_SD_DO.DSP_613,ZSG_SD_DO.DSP_XXX,0,0,0
ZSG_SD_DO.DSP_615,ZSG_SD_DO.DSP_XXX,0,0,0
ZSG_SD_DO.DSP_711,ZSG_SD_DO.DSP_XXX,0,0,0
ZSG_SD_DO.DSP_713,ZSG_SD_DO.DSP_XXX,0,0,0
ZSG_SD_DO.DSP_716,ZSG_SD_DO.DSP_XXX,0,0,0
ZSG_SD_DO.DSP_718,ZSG_SD_DO.DSP_XXX,0,0,0
ZSG_SD_DO.DSP_811,ZSG_SD_DO.DSP_XXX,0,0,0
ZSG_SD_DO.DSP_813,ZSG_SD_DO.DSP_XXX,0,0,0
ZSG_SD_DO.DSP_815,ZSG_SD_DO.DSP_XXX,0,0,0
ZSG_SD_DO.DSP_831,ZSG_SD_DO.DSP_XXX,0,0,0
ZSG_SD_DO.DSP_832,ZSG_SD_DO.DSP_XXX,0,0,0
ZSG_SD_DO.DSP_833,ZSG_SD_DO.DSP_XXX,0,0,0
ZSG_SD_DO.DSP_835,ZSG_SD_DO.DSP_XXX,0,0,0
ZSG_SD_DO.DSP_836,ZSG_SD_DO.DSP_XXX,0,0,0
ZSG_SD_DO.DSP_837,ZSG_SD_DO.DSP_XXX,0,0,0
ZSG_SD_DO.DSP_838,ZSG_SD_DO.DSP_XXX,0,0,0
ZSG_SD_DO.DSP_851,ZSG_SD_DO.DSP_XXX,0,0,0
ZSG_SD_DO.DSP_861,ZSG_SD_DO.DSP_XXX,0,0,0
ZSG_SD_DO.DSP_871,ZSG_SD_DO.DSP_XXX,0,0,0
ZSG_SD_DO.DSP_872,ZSG_SD_DO.DSP_XXX,0,0,0
ZSG_SD_DO.DSP_873,ZSG_SD_DO.DSP_XXX,0,0,0
ZSG_SD_DO.PRO_812,ZSG_SD_DO.PRO_XXX,0,0,2
ZSG_SD_DO.PRO_813,ZSG_SD_DO.PRO_XXX,0,0,0
ZSG_SD_DO.PRO_815,ZSG_SD_DO.PRO_XXX,0,0,0
ZSG_SD_DO.PRO_833,ZSG_SD_DO.PRO_XXX,0,0,2
ZSG_SD_DO.PRO_835,ZSG_SD_DO.PRO_XXX,0,0,2
ZSG_SD_DO.PRO_836,ZSG_SD_DO.PRO_XXX,0,0,2
ZSG_SD_DO.PRO_837,ZSG_SD_DO.PRO_XXX,0,0,2
ZSG_SD_DO.PRO_838,ZSG_SD_DO.PRO_XXX,0,0,0
ZSG_SD_DO.PRO_851,ZSG_SD_DO.PRO_XXX,0,0,4
ZSG_SD_DO.PRO_861,ZSG_SD_DO.PRO_XXX,0,0,2
ZSG_SD_DO.PRO_872,ZSG_SD_DO.PRO_XXX,0,0,2
ZSG_SD_LA.PRO_611,ZSG_SD_LA.PRO_XXX,0,0,3
ZSG_SD_LA.PRO_713,ZSG_SD_LA.PRO_XXX,0,0,3
ZSG_SD_LA.PRO_812,ZSG_SD_LA.PRO_XXX,0,0,3
ZSG_SD_LA.PRO_813,ZSG_SD_LA.PRO_XXX,0,0,3
ZSG_SD_LA.PRO_815,ZSG_SD_LA.PRO_XXX,0,0,3
ZSG_SD_LA.PRO_833,ZSG_SD_LA.PRO_XXX,0,0,3
ZSG_SD_LA.PRO_835,ZSG_SD_LA.PRO_XXX,0,0,3
ZSG_SD_LA.PRO_836,ZSG_SD_LA.PRO_XXX,0,0,3
ZSG_SD_LA.PRO_837,ZSG_SD_LA.PRO_XXX,0,0,3
ZSG_SD_LA.PRO_838,ZSG_SD_LA.PRO_XXX,0,0,3
ZSG_SD_LA.PRO_851,ZSG_SD_LA.PRO_XXX,0,0,3
ZSG_SD_LA.PRO_861,ZSG_SD_LA.PRO_XXX,1,0,13
ZSG_SD_LA.PRO_872,ZSG_SD_LA.PRO_XXX,0,0,3
ZSG_SD_LC.PRO_812,ZSG_SD_LC.PRO_XXX,0,0,2
ZSG_SD_LC.PRO_813,ZSG_SD_LC.PRO_XXX,0,0,2
ZSG_SD_LC.PRO_815,ZSG_SD_LC.PRO_XXX,0,0,2
ZSG_SD_LC.PRO_833,ZSG_SD_LC.PRO_XXX,0,0,2
ZSG_SD_LC.PRO_835,ZSG_SD_LC.PRO_XXX,0,0,2
ZSG_SD_LC.PRO_836,ZSG_SD_LC.PRO_XXX,0,0,2
ZSG_SD_LC.PRO_837,ZSG_SD_LC.PRO_XXX,0,0,2
ZSG_SD_LC.PRO_838,ZSG_SD_LC.PRO_XXX,0,0,2
ZSG_SD_LC.PRO_851,ZSG_SD_LC.PRO_XXX,0,0,4
ZSG_SD_LC.PRO_861,ZSG_SD_LC.PRO_XXX,0,0,4
ZSG_SD_LC.PRO_872,ZSG_SD_LC.PRO_XXX,0,0,2
ZSG_SD_QT.PRO_812,ZSG_SD_QT.PRO_XXX,3,0,8
ZSG_SD_QT.PRO_813,ZSG_SD_QT.PRO_XXX,3,0,4
ZSG_SD_QT.PRO_815,ZSG_SD_QT.PRO_XXX,3,0,4
ZSG_SD_QT.PRO_833,ZSG_SD_QT.PRO_XXX,3,0,4
ZSG_SD_QT.PRO_835,ZSG_SD_QT.PRO_XXX,3,0,4
ZSG_SD_QT.PRO_836,ZSG_SD_QT.PRO_XXX,3,0,4
ZSG_SD_QT.PRO_837,ZSG_SD_QT.PRO_XXX,3,0,4
ZSG_SD_QT.PRO_838,ZSG_SD_QT.PRO_XXX,3,0,2
ZSG_SD_QT.PRO_851,ZSG_SD_QT.PRO_XXX,3,0,4
ZSG_SD_QT.PRO_861,ZSG_SD_QT.PRO_XXX,3,0,4
ZSG_SD_QT.PRO_872,ZSG_SD_QT.PRO_XXX,3,0,4
ZSG_SD_QT.PRO_ADMIN,ZSG_SD_QT.PRO_XXX,3,0,4
ZSG_SD_QT.PRO_ADMIN_XXX,ZSG_SD_QT.PRO_XXX,3,0,4
ZSG_SD_REB.PRO_811,ZSG_SD_REB.PRO_XXX,0,0,0
ZSG_SD_REB.PRO_812,ZSG_SD_REB.PRO_XXX,0,0,0
ZSG_SD_REB.PRO_813,ZSG_SD_REB.PRO_XXX,0,0,0
ZSG_SD_REB.PRO_815,ZSG_SD_REB.PRO_XXX,0,0,0
ZSG_SD_REB.PRO_816,ZSG_SD_REB.PRO_XXX,0,0,0
ZSG_SD_REB.PRO_831,ZSG_SD_REB.PRO_XXX,0,0,0
ZSG_SD_REB.PRO_832,ZSG_SD_REB.PRO_XXX,0,0,0
ZSG_SD_REB.PRO_833,ZSG_SD_REB.PRO_XXX,4,0,0
ZSG_SD_REB.PRO_835,ZSG_SD_REB.PRO_XXX,0,0,0
ZSG_SD_REB.PRO_836,ZSG_SD_REB.PRO_XXX,0,0,0
ZSG_SD_REB.PRO_837,ZSG_SD_REB.PRO_XXX,0,0,0
ZSG_SD_REB.PRO_838,ZSG_SD_REB.PRO_XXX,0,0,0
ZSG_SD_REB.PRO_839,ZSG_SD_REB.PRO_XXX,0,0,0
ZSG_SD_SO.APPBB_ADMIN,ZSG_SD_SO.APPBB_XXX,0,0,3
ZSG_SD_SO.APPCL_615,ZSG_SD_SO.APPCL_XXX,0,0,0
ZSG_SD_SO.APPCL_812,ZSG_SD_SO.APPCL_XXX,0,0,0
ZSG_SD_SO.APPCL_813,ZSG_SD_SO.APPCL_XXX,0,0,0
ZSG_SD_SO.APPCL_815,ZSG_SD_SO.APPCL_XXX,0,0,0
ZSG_SD_SO.APPCL_833,ZSG_SD_SO.APPCL_XXX,0,0,0
ZSG_SD_SO.APPCL_835,ZSG_SD_SO.APPCL_XXX,0,0,0
ZSG_SD_SO.APPCL_836,ZSG_SD_SO.APPCL_XXX,0,0,0
ZSG_SD_SO.APPCL_837,ZSG_SD_SO.APPCL_XXX,0,0,0
ZSG_SD_SO.APPCL_838,ZSG_SD_SO.APPCL_XXX,0,0,0
ZSG_SD_SO.APPCL_872,ZSG_SD_SO.APPCL_XXX,0,0,0
ZSG_SD_SO.APPCL_ADMIN,ZSG_SD_SO.APPCL_XXX,0,0,6
ZSG_SD_SO.APPSB_615,ZSG_SD_SO.APPSB_XXX,0,0,17
ZSG_SD_SO.APPSB_812,ZSG_SD_SO.APPSB_XXX,0,0,17
ZSG_SD_SO.APPSB_813,ZSG_SD_SO.APPSB_XXX,0,0,17
ZSG_SD_SO.APPSB_815,ZSG_SD_SO.APPSB_XXX,0,0,17
ZSG_SD_SO.APPSB_833,ZSG_SD_SO.APPSB_XXX,0,0,17
ZSG_SD_SO.APPSB_835,ZSG_SD_SO.APPSB_XXX,0,0,17
ZSG_SD_SO.APPSB_836,ZSG_SD_SO.APPSB_XXX,0,0,17
ZSG_SD_SO.APPSB_837,ZSG_SD_SO.APPSB_XXX,0,0,17
ZSG_SD_SO.APPSB_838,ZSG_SD_SO.APPSB_XXX,0,0,17
ZSG_SD_SO.APPSB_861,ZSG_SD_SO.APPSB_XXX,0,0,19
ZSG_SD_SO.APPSB_872,ZSG_SD_SO.APPSB_XXX,0,0,17
ZSG_SD_SO.APPSB_ADMIN,ZSG_SD_SO.APPSB_XXX,0,0,26
ZSG_SD_SO.DSPCL_1801,ZSG_SD_SO.DSPCL_XXX,0,0,8
ZSG_SD_SO.DSPCL_1808,ZSG_SD_SO.DSPCL_XXX,0,0,8
ZSG_SD_SO.DSPCL_1810,ZSG_SD_SO.DSPCL_XXX,0,0,8
ZSG_SD_SO.DSPCL_1811,ZSG_SD_SO.DSPCL_XXX,0,0,8
ZSG_SD_SO.DSPCL_1821,ZSG_SD_SO.DSPCL_XXX,0,0,8
ZSG_SD_SO.DSPCL_1823,ZSG_SD_SO.DSPCL_XXX,0,0,8
ZSG_SD_SO.DSPCL_ADMIN,ZSG_SD_SO.DSPCL_XXX,0,0,8
ZSG_SD_SO.DSP_511,ZSG_SD_SO.DSP_XXX,0,0,0
ZSG_SD_SO.DSP_512,ZSG_SD_SO.DSP_XXX,0,0,0
ZSG_SD_SO.DSP_513,ZSG_SD_SO.DSP_XXX,0,0,0
ZSG_SD_SO.DSP_515,ZSG_SD_SO.DSP_XXX,0,0,0
ZSG_SD_SO.DSP_516,ZSG_SD_SO.DSP_XXX,0,0,0
ZSG_SD_SO.DSP_517,ZSG_SD_SO.DSP_XXX,0,0,0
ZSG_SD_SO.DSP_518,ZSG_SD_SO.DSP_XXX,0,0,0
ZSG_SD_SO.DSP_519,ZSG_SD_SO.DSP_XXX,0,0,0
ZSG_SD_SO.DSP_520,ZSG_SD_SO.DSP_XXX,0,0,0
ZSG_SD_SO.DSP_521,ZSG_SD_SO.DSP_XXX,0,0,0
ZSG_SD_SO.DSP_522,ZSG_SD_SO.DSP_XXX,0,0,0
ZSG_SD_SO.DSP_523,ZSG_SD_SO.DSP_XXX,0,0,0
ZSG_SD_SO.DSP_611,ZSG_SD_SO.DSP_XXX,0,0,0
ZSG_SD_SO.DSP_615,ZSG_SD_SO.DSP_XXX,0,0,0
ZSG_SD_SO.DSP_713,ZSG_SD_SO.DSP_XXX,0,0,0
ZSG_SD_SO.DSP_716,ZSG_SD_SO.DSP_XXX,0,0,0
ZSG_SD_SO.DSP_718,ZSG_SD_SO.DSP_XXX,0,0,0
ZSG_SD_SO.DSP_812,ZSG_SD_SO.DSP_XXX,0,0,9
ZSG_SD_SO.DSP_813,ZSG_SD_SO.DSP_XXX,2,0,0
ZSG_SD_SO.DSP_815,ZSG_SD_SO.DSP_XXX,0,0,0
ZSG_SD_SO.DSP_833,ZSG_SD_SO.DSP_XXX,0,0,0
ZSG_SD_SO.DSP_835,ZSG_SD_SO.DSP_XXX,0,0,0
ZSG_SD_SO.DSP_836,ZSG_SD_SO.DSP_XXX,0,0,0
ZSG_SD_SO.DSP_837,ZSG_SD_SO.DSP_XXX,0,0,0
ZSG_SD_SO.DSP_838,ZSG_SD_SO.DSP_XXX,0,0,0
ZSG_SD_SO.DSP_851,ZSG_SD_SO.DSP_XXX,0,0,0
ZSG_SD_SO.DSP_861,ZSG_SD_SO.DSP_XXX,0,0,0
ZSG_SD_SO.DSP_872,ZSG_SD_SO.DSP_XXX,0,0,0
ZSG_SD_SO.DSP_911,ZSG_SD_SO.DSP_XXX,0,0,0
ZSG_SD_SO.INTF_851,ZSG_SD_SO.INTF_XXX,0,0,0
ZSG_SD_SO.PRO_812,ZSG_SD_SO.PRO_XXX,0,0,6
ZSG_SD_SO.PRO_813,ZSG_SD_SO.PRO_XXX,0,0,0
ZSG_SD_SO.PRO_815,ZSG_SD_SO.PRO_XXX,0,0,6
ZSG_SD_SO.PRO_833,ZSG_SD_SO.PRO_XXX,0,0,0
ZSG_SD_SO.PRO_835,ZSG_SD_SO.PRO_XXX,0,0,6
ZSG_SD_SO.PRO_836,ZSG_SD_SO.PRO_XXX,0,0,6
ZSG_SD_SO.PRO_837,ZSG_SD_SO.PRO_XXX,0,0,6
ZSG_SD_SO.PRO_838,ZSG_SD_SO.PRO_XXX,0,0,6
ZSG_SD_SO.PRO_851,ZSG_SD_SO.PRO_XXX,0,0,6
ZSG_SD_SO.PRO_861,ZSG_SD_SO.PRO_XXX,0,0,6
ZSG_SD_SO.PRO_872,ZSG_SD_SO.PRO_XXX,0,0,6
ZSG_SD_SO.PRO_911,ZSG_SD_SO.PRO_XXX,0,0,6
ZSG_SD_SO.PRO_ADMIN,ZSG_SD_SO.PRO_XXX,0,0,6
